{"stats":{"minecraft:crafted":{"minecraft:wooden_sword":1,"minecraft:wooden_shovel":1,"minecraft:crafting_table":1,"minecraft:spruce_planks":220,"minecraft:wooden_pickaxe":1,"minecraft:stone_axe":1,"minecraft:air":0,"minecraft:wooden_hoe":1,"minecraft:stick":32,"minecraft:stone_pickaxe":1,"minecraft:wooden_axe":2,"minecraft:stone_sword":1,"minecraft:torch":8,"minecraft:stone_hoe":1,"minecraft:cooked_rabbit":2},"minecraft:broken":{"minecraft:wooden_pickaxe":1},"minecraft:killed":{"minecraft:cat":1,"minecraft:salmon":14,"minecraft:rabbit":4,"minecraft:squid":1,"minecraft:sheep":4,"minecraft:chicken":1,"minecraft:villager":2},"minecraft:dropped":{"minecraft:wheat_seeds":3,"minecraft:rotten_flesh":2,"minecraft:wooden_hoe":2,"minecraft:wooden_axe":4,"minecraft:wooden_sword":1,"minecraft:sand":1},"minecraft:mined":{"minecraft:light_gray_carpet":1,"minecraft:red_bed":3,"minecraft:crafting_table":2,"minecraft:granite":1,"minecraft:grass_block":1,"minecraft:chest":2,"minecraft:spruce_leaves":29,"minecraft:sugar_cane":4,"minecraft:wall_torch":1,"minecraft:blue_bed":5,"minecraft:tall_seagrass":1,"minecraft:carrots":2,"minecraft:wheat":3,"minecraft:black_wall_banner":3,"minecraft:white_carpet":1,"minecraft:spruce_log":60,"minecraft:grass":1,"minecraft:potatoes":49,"minecraft:coal_ore":35,"minecraft:sand":1,"minecraft:packed_ice":5,"minecraft:stone":62},"minecraft:used":{"minecraft:wheat_seeds":1,"minecraft:stone_sword":50,"minecraft:snow_block":1,"minecraft:stone_pickaxe":40,"minecraft:chest":1,"minecraft:wooden_pickaxe":59,"minecraft:leather_chestplate":1,"minecraft:blue_bed":2,"minecraft:stone_hoe":22,"minecraft:torch":1,"minecraft:dirt":1,"minecraft:crafting_table":2,"minecraft:red_bed":2,"minecraft:snowball":8,"minecraft:spruce_log":2,"minecraft:obsidian":1,"minecraft:wooden_axe":20,"minecraft:wooden_hoe":21,"minecraft:spruce_sapling":4,"minecraft:golden_leggings":1,"minecraft:stone_axe":31,"minecraft:wooden_sword":7,"minecraft:cooked_rabbit":2,"minecraft:potato":40,"minecraft:golden_axe":13},"minecraft:killed_by":{"minecraft:zombie":1},"minecraft:custom":{"minecraft:interact_with_furnace":3,"minecraft:mob_kills":27,"minecraft:interact_with_crafting_table":7,"minecraft:leave_game":1,"minecraft:time_since_death":8085,"minecraft:sleep_in_bed":8,"minecraft:climb_one_cm":2463,"minecraft:time_since_rest":8117,"minecraft:sprint_one_cm":67387,"minecraft:damage_taken":723,"minecraft:walk_one_cm":262483,"minecraft:drop":11,"minecraft:damage_dealt":1590,"minecraft:swim_one_cm":864,"minecraft:talked_to_villager":1,"minecraft:fly_one_cm":172487,"minecraft:open_chest":15,"minecraft:crouch_one_cm":773,"minecraft:play_time":51926,"minecraft:deaths":2,"minecraft:sneak_time":723,"minecraft:walk_under_water_one_cm":32808,"minecraft:jump":1005,"minecraft:walk_on_water_one_cm":16002,"minecraft:total_world_time":51926,"minecraft:fall_one_cm":30275},"minecraft:picked_up":{"minecraft:wooden_axe":2,"minecraft:crafting_table":2,"minecraft:salmon":10,"minecraft:potato":64,"minecraft:blue_bed":5,"minecraft:wooden_hoe":1,"minecraft:dirt":1,"minecraft:string":2,"minecraft:red_bed":3,"minecraft:white_carpet":2,"minecraft:wheat_seeds":4,"minecraft:spruce_planks":184,"minecraft:rabbit_hide":3,"minecraft:wooden_shovel":1,"minecraft:rabbit":2,"minecraft:sugar_cane":6,"minecraft:chest":2,"minecraft:stick":2,"minecraft:torch":1,"minecraft:snow_block":1,"minecraft:sand":1,"minecraft:spruce_sapling":6,"minecraft:ink_sac":3,"minecraft:carrot":2,"minecraft:spruce_log":57,"minecraft:rotten_flesh":2,"minecraft:black_banner":2,"minecraft:light_gray_carpet":2,"minecraft:mutton":5,"minecraft:coal":30,"minecraft:snowball":8,"minecraft:white_wool":3,"minecraft:cobblestone":60}},"DataVersion":3120}