{"stats":{"minecraft:crafted":{"minecraft:cooked_beef":6,"minecraft:wooden_sword":1,"minecraft:wooden_shovel":1,"minecraft:leather_boots":1,"minecraft:crafting_table":1,"minecraft:spruce_planks":220,"minecraft:wooden_pickaxe":1,"minecraft:cooked_salmon":10,"minecraft:stone_axe":1,"minecraft:cooked_mutton":19,"minecraft:air":0,"minecraft:wooden_hoe":1,"minecraft:stick":32,"minecraft:stone_pickaxe":1,"minecraft:wooden_axe":2,"minecraft:stone_sword":1,"minecraft:torch":8,"minecraft:stone_hoe":1,"minecraft:cooked_rabbit":2},"minecraft:broken":{"minecraft:wooden_pickaxe":1},"minecraft:killed":{"minecraft:cat":1,"minecraft:salmon":14,"minecraft:rabbit":4,"minecraft:squid":1,"minecraft:sheep":9,"minecraft:chicken":1,"minecraft:stray":2,"minecraft:villager":2,"minecraft:cow":4},"minecraft:dropped":{"minecraft:wheat_seeds":3,"minecraft:iron_nugget":12,"minecraft:rotten_flesh":2,"minecraft:red_mushroom":5,"minecraft:filled_map":1,"minecraft:wooden_hoe":2,"minecraft:wooden_axe":4,"minecraft:wooden_shovel":1,"minecraft:wooden_sword":1,"minecraft:sand":1,"minecraft:blue_bed":1},"minecraft:mined":{"minecraft:light_gray_carpet":1,"minecraft:red_bed":4,"minecraft:mossy_cobblestone":6,"minecraft:dark_oak_leaves":4,"minecraft:shulker_box":2,"minecraft:torch":7,"minecraft:crafting_table":2,"minecraft:granite":1,"minecraft:spruce_fence":3,"minecraft:grass_block":2,"minecraft:chest":2,"minecraft:cobblestone":4,"minecraft:spruce_leaves":43,"minecraft:grindstone":6,"minecraft:sugar_cane":4,"minecraft:wall_torch":2,"minecraft:blue_bed":6,"minecraft:large_fern":2,"minecraft:tall_seagrass":1,"minecraft:carrots":2,"minecraft:wheat":3,"minecraft:black_wall_banner":3,"minecraft:white_carpet":1,"minecraft:spruce_log":60,"minecraft:grass":2,"minecraft:potatoes":49,"minecraft:coal_ore":35,"minecraft:flowering_azalea_leaves":1,"minecraft:sand":6,"minecraft:dirt":15,"minecraft:red_mushroom_block":6,"minecraft:packed_ice":5,"minecraft:spruce_slab":1,"minecraft:cracked_stone_bricks":3,"minecraft:white_wool":2,"minecraft:azalea_leaves":1,"minecraft:oak_leaves":2,"minecraft:stone_bricks":6,"minecraft:stone":70,"minecraft:mossy_stone_bricks":7,"minecraft:fern":1},"minecraft:used":{"minecraft:wheat_seeds":1,"minecraft:stone_sword":85,"minecraft:snow_block":1,"minecraft:stone_pickaxe":87,"minecraft:chest":1,"minecraft:wooden_pickaxe":59,"minecraft:leather_chestplate":1,"minecraft:blue_bed":5,"minecraft:stone_hoe":22,"minecraft:torch":8,"minecraft:mossy_cobblestone":4,"minecraft:dirt":7,"minecraft:sand":3,"minecraft:crafting_table":2,"minecraft:red_bed":5,"minecraft:shulker_box":2,"minecraft:snowball":8,"minecraft:spruce_log":2,"minecraft:obsidian":1,"minecraft:wooden_axe":20,"minecraft:wooden_hoe":21,"minecraft:map":1,"minecraft:spruce_sapling":4,"minecraft:golden_leggings":1,"minecraft:stone_axe":41,"minecraft:golden_sword":1,"minecraft:wooden_sword":7,"minecraft:cobblestone":54,"minecraft:sweet_berries":28,"minecraft:cooked_beef":4,"minecraft:cooked_rabbit":2,"minecraft:potato":40,"minecraft:golden_axe":13},"minecraft:killed_by":{"minecraft:stray":1,"minecraft:zombie":1,"cartoon_dweller:cartoon_dweller":1},"minecraft:custom":{"minecraft:interact_with_furnace":25,"minecraft:mob_kills":37,"minecraft:open_barrel":4,"minecraft:interact_with_crafting_table":10,"minecraft:open_shulker_box":5,"minecraft:interact_with_grindstone":1,"minecraft:leave_game":1,"minecraft:time_since_death":3897,"minecraft:sleep_in_bed":15,"minecraft:climb_one_cm":4907,"minecraft:time_since_rest":3938,"minecraft:sprint_one_cm":241347,"minecraft:damage_taken":2258,"minecraft:walk_one_cm":440767,"minecraft:drop":20,"minecraft:damage_dealt":3030,"minecraft:swim_one_cm":13197,"minecraft:talked_to_villager":1,"minecraft:fly_one_cm":334608,"minecraft:open_chest":28,"minecraft:crouch_one_cm":10295,"minecraft:play_time":105926,"minecraft:deaths":5,"minecraft:sneak_time":3210,"minecraft:walk_under_water_one_cm":38980,"minecraft:interact_with_smoker":1,"minecraft:jump":2074,"minecraft:walk_on_water_one_cm":20601,"minecraft:total_world_time":105926,"minecraft:fall_one_cm":71566},"minecraft:picked_up":{"minecraft:wooden_axe":2,"minecraft:crafting_table":2,"minecraft:red_mushroom":5,"minecraft:salmon":10,"minecraft:leather":2,"minecraft:potato":64,"minecraft:blue_bed":7,"minecraft:wooden_hoe":1,"minecraft:dirt":7,"minecraft:string":2,"minecraft:red_bed":6,"minecraft:white_carpet":2,"minecraft:wheat_seeds":4,"minecraft:spruce_planks":184,"minecraft:rabbit_hide":3,"minecraft:grindstone":6,"minecraft:beef":6,"minecraft:wooden_shovel":1,"minecraft:rabbit":2,"minecraft:sugar_cane":6,"minecraft:chest":2,"minecraft:stick":3,"minecraft:sweet_berries":43,"minecraft:torch":9,"minecraft:snow_block":1,"minecraft:sand":4,"minecraft:spruce_sapling":6,"minecraft:ink_sac":3,"minecraft:carrot":2,"minecraft:spruce_log":57,"minecraft:shulker_box":3,"minecraft:mossy_cobblestone":4,"minecraft:rotten_flesh":2,"minecraft:black_banner":2,"minecraft:light_gray_carpet":2,"minecraft:mutton":11,"minecraft:coal":30,"minecraft:snowball":8,"minecraft:white_wool":10,"minecraft:cobblestone":64}},"DataVersion":3120}