{"stats":{"minecraft:crafted":{"minecraft:wooden_sword":1,"minecraft:leather_boots":1,"minecraft:cooked_mutton":19,"minecraft:stone_pickaxe":1,"minecraft:stone_hoe":1,"minecraft:cooked_rabbit":2,"minecraft:cooked_beef":37,"minecraft:wooden_shovel":1,"minecraft:crafting_table":1,"minecraft:spruce_planks":220,"minecraft:wooden_pickaxe":1,"minecraft:cooked_salmon":10,"minecraft:stone_axe":1,"minecraft:air":0,"minecraft:wooden_hoe":1,"minecraft:stick":32,"minecraft:wooden_axe":2,"minecraft:stone_sword":1,"minecraft:torch":8},"minecraft:broken":{"minecraft:wooden_pickaxe":1},"minecraft:killed":{"minecraft:witch":1,"minecraft:spider":2,"minecraft:skeleton":4,"minecraft:chicken":1,"minecraft:cat":1,"minecraft:salmon":14,"minecraft:rabbit":4,"minecraft:squid":1,"minecraft:sheep":9,"minecraft:zombie":4,"minecraft:stray":2,"minecraft:villager":2,"minecraft:cow":4},"minecraft:mined":{"minecraft:mossy_cobblestone":6,"minecraft:dark_oak_leaves":4,"minecraft:shulker_box":3,"minecraft:granite":1,"minecraft:grass_block":2,"minecraft:spruce_fence":3,"minecraft:spruce_leaves":43,"minecraft:large_fern":2,"minecraft:tall_seagrass":1,"minecraft:furnace":1,"minecraft:carrots":2,"minecraft:potatoes":49,"minecraft:flowering_azalea_leaves":1,"minecraft:packed_ice":5,"minecraft:azalea_leaves":1,"minecraft:stone":70,"minecraft:white_wool":2,"minecraft:spruce_slab":1,"minecraft:light_gray_carpet":1,"minecraft:red_bed":4,"minecraft:crafting_table":2,"minecraft:torch":7,"minecraft:chest":2,"minecraft:cobblestone":4,"minecraft:grindstone":6,"minecraft:sugar_cane":4,"minecraft:blue_bed":7,"minecraft:wall_torch":2,"minecraft:wheat":3,"minecraft:black_wall_banner":3,"minecraft:white_carpet":1,"minecraft:spruce_log":60,"minecraft:grass":5,"minecraft:coal_ore":35,"minecraft:sand":6,"minecraft:dirt":15,"minecraft:cracked_stone_bricks":3,"minecraft:red_mushroom_block":6,"minecraft:stone_bricks":6,"minecraft:mossy_stone_bricks":7,"minecraft:oak_leaves":2,"minecraft:fern":1},"minecraft:dropped":{"minecraft:wheat_seeds":3,"minecraft:red_mushroom":5,"minecraft:wooden_hoe":2,"minecraft:wooden_axe":4,"minecraft:wooden_sword":1,"minecraft:sand":1,"minecraft:blue_bed":1,"minecraft:iron_nugget":12,"minecraft:rotten_flesh":8,"minecraft:filled_map":1,"minecraft:wooden_shovel":1},"minecraft:used":{"minecraft:stone_sword":169,"minecraft:chest":1,"minecraft:shield":1,"minecraft:stone_hoe":22,"minecraft:torch":8,"minecraft:dirt":7,"minecraft:spyglass":15,"minecraft:shulker_box":3,"minecraft:snowball":8,"minecraft:obsidian":1,"minecraft:wooden_axe":20,"minecraft:golden_sword":1,"minecraft:sweet_berries":28,"minecraft:cooked_beef":7,"minecraft:potato":40,"minecraft:golden_axe":13,"minecraft:wheat_seeds":1,"minecraft:snow_block":1,"minecraft:stone_pickaxe":90,"minecraft:leather_chestplate":1,"minecraft:wooden_pickaxe":59,"minecraft:blue_bed":5,"minecraft:mossy_cobblestone":4,"minecraft:sand":3,"minecraft:crafting_table":2,"minecraft:red_bed":5,"minecraft:spruce_log":2,"minecraft:wooden_hoe":21,"minecraft:map":1,"minecraft:spruce_sapling":4,"minecraft:golden_leggings":1,"minecraft:stone_axe":44,"minecraft:wooden_sword":7,"minecraft:cobblestone":55,"minecraft:cooked_rabbit":2},"minecraft:killed_by":{"minecraft:stray":1,"cartoon_dweller:cartoon_dweller":1,"minecraft:zombie":1},"minecraft:custom":{"minecraft:mob_kills":48,"minecraft:interact_with_crafting_table":10,"minecraft:open_barrel":4,"minecraft:open_shulker_box":7,"minecraft:leave_game":1,"minecraft:time_since_death":5732,"minecraft:climb_one_cm":5383,"minecraft:sprint_one_cm":271181,"minecraft:walk_one_cm":493700,"minecraft:damage_blocked_by_shield":40,"minecraft:drop":26,"minecraft:talked_to_villager":1,"minecraft:play_time":117926,"minecraft:deaths":6,"minecraft:sneak_time":3286,"minecraft:walk_under_water_one_cm":40398,"minecraft:jump":2371,"minecraft:walk_on_water_one_cm":21249,"minecraft:total_world_time":117926,"minecraft:interact_with_furnace":30,"minecraft:interact_with_grindstone":1,"minecraft:sleep_in_bed":16,"minecraft:time_since_rest":5788,"minecraft:damage_taken":2838,"minecraft:damage_dealt":6465,"minecraft:swim_one_cm":20246,"minecraft:fly_one_cm":409160,"minecraft:open_chest":29,"minecraft:crouch_one_cm":10475,"minecraft:interact_with_smoker":1,"minecraft:fall_one_cm":80214},"minecraft:picked_up":{"minecraft:wooden_axe":2,"minecraft:crafting_table":2,"minecraft:string":4,"minecraft:red_bed":6,"minecraft:white_carpet":2,"minecraft:spruce_planks":184,"minecraft:beef":6,"minecraft:wooden_shovel":1,"minecraft:chest":2,"minecraft:sugar_cane":6,"minecraft:stick":3,"minecraft:torch":10,"minecraft:snow_block":1,"minecraft:carrot":2,"minecraft:arrow":3,"minecraft:rotten_flesh":8,"minecraft:black_banner":2,"minecraft:mutton":11,"minecraft:snowball":8,"minecraft:white_wool":10,"minecraft:cobblestone":65,"minecraft:salmon":10,"minecraft:leather":2,"minecraft:red_mushroom":5,"minecraft:potato":64,"minecraft:wooden_hoe":1,"minecraft:dirt":7,"minecraft:blue_bed":8,"minecraft:bone":5,"minecraft:wheat_seeds":4,"minecraft:rabbit_hide":3,"minecraft:grindstone":6,"minecraft:rabbit":2,"minecraft:sweet_berries":43,"minecraft:sand":4,"minecraft:spruce_sapling":6,"minecraft:ink_sac":3,"minecraft:spruce_log":57,"minecraft:spider_eye":1,"minecraft:shulker_box":4,"minecraft:mossy_cobblestone":4,"minecraft:light_gray_carpet":2,"minecraft:coal":30}},"DataVersion":3120}