{"stats":{"minecraft:crafted":{"minecraft:wooden_sword":1,"minecraft:wooden_shovel":1,"minecraft:crafting_table":1,"minecraft:spruce_planks":220,"minecraft:wooden_pickaxe":1,"minecraft:stone_axe":1,"minecraft:air":0,"minecraft:wooden_hoe":1,"minecraft:stick":32,"minecraft:stone_pickaxe":1,"minecraft:wooden_axe":2,"minecraft:stone_sword":1,"minecraft:torch":8,"minecraft:stone_hoe":1,"minecraft:cooked_rabbit":2},"minecraft:broken":{"minecraft:wooden_pickaxe":1},"minecraft:killed":{"minecraft:cat":1,"minecraft:salmon":14,"minecraft:rabbit":4,"minecraft:squid":1,"minecraft:sheep":9,"minecraft:chicken":1,"minecraft:stray":2,"minecraft:villager":2,"minecraft:cow":4},"minecraft:dropped":{"minecraft:wheat_seeds":3,"minecraft:rotten_flesh":2,"minecraft:filled_map":1,"minecraft:wooden_hoe":2,"minecraft:wooden_axe":4,"minecraft:wooden_shovel":1,"minecraft:wooden_sword":1,"minecraft:sand":1,"minecraft:blue_bed":1},"minecraft:mined":{"minecraft:light_gray_carpet":1,"minecraft:red_bed":3,"minecraft:mossy_cobblestone":1,"minecraft:torch":2,"minecraft:crafting_table":2,"minecraft:granite":1,"minecraft:spruce_fence":1,"minecraft:grass_block":2,"minecraft:chest":2,"minecraft:spruce_leaves":43,"minecraft:sugar_cane":4,"minecraft:wall_torch":1,"minecraft:blue_bed":5,"minecraft:large_fern":2,"minecraft:tall_seagrass":1,"minecraft:carrots":2,"minecraft:wheat":3,"minecraft:black_wall_banner":3,"minecraft:white_carpet":1,"minecraft:spruce_log":60,"minecraft:grass":2,"minecraft:potatoes":49,"minecraft:coal_ore":35,"minecraft:sand":1,"minecraft:dirt":3,"minecraft:packed_ice":5,"minecraft:cracked_stone_bricks":3,"minecraft:stone_bricks":6,"minecraft:stone":62,"minecraft:mossy_stone_bricks":7,"minecraft:fern":1},"minecraft:used":{"minecraft:wheat_seeds":1,"minecraft:stone_sword":81,"minecraft:snow_block":1,"minecraft:stone_pickaxe":59,"minecraft:chest":1,"minecraft:wooden_pickaxe":59,"minecraft:leather_chestplate":1,"minecraft:blue_bed":2,"minecraft:stone_hoe":22,"minecraft:torch":3,"minecraft:dirt":5,"minecraft:crafting_table":2,"minecraft:red_bed":2,"minecraft:snowball":8,"minecraft:spruce_log":2,"minecraft:obsidian":1,"minecraft:wooden_axe":20,"minecraft:wooden_hoe":21,"minecraft:map":1,"minecraft:spruce_sapling":4,"minecraft:golden_leggings":1,"minecraft:stone_axe":31,"minecraft:wooden_sword":7,"minecraft:sweet_berries":9,"minecraft:cooked_rabbit":2,"minecraft:potato":40,"minecraft:golden_axe":13},"minecraft:killed_by":{"minecraft:stray":1,"minecraft:zombie":1},"minecraft:custom":{"minecraft:interact_with_furnace":5,"minecraft:mob_kills":37,"minecraft:interact_with_crafting_table":7,"minecraft:leave_game":1,"minecraft:time_since_death":10373,"minecraft:sleep_in_bed":8,"minecraft:climb_one_cm":2889,"minecraft:time_since_rest":10406,"minecraft:sprint_one_cm":93124,"minecraft:damage_taken":930,"minecraft:walk_one_cm":324118,"minecraft:drop":14,"minecraft:damage_dealt":2830,"minecraft:swim_one_cm":864,"minecraft:talked_to_villager":1,"minecraft:fly_one_cm":196240,"minecraft:open_chest":19,"minecraft:crouch_one_cm":1338,"minecraft:play_time":63926,"minecraft:deaths":3,"minecraft:sneak_time":966,"minecraft:walk_under_water_one_cm":34982,"minecraft:jump":1233,"minecraft:walk_on_water_one_cm":16491,"minecraft:total_world_time":63926,"minecraft:fall_one_cm":36492},"minecraft:picked_up":{"minecraft:wooden_axe":2,"minecraft:crafting_table":2,"minecraft:salmon":10,"minecraft:leather":2,"minecraft:potato":64,"minecraft:blue_bed":5,"minecraft:wooden_hoe":1,"minecraft:dirt":5,"minecraft:string":2,"minecraft:red_bed":3,"minecraft:white_carpet":2,"minecraft:wheat_seeds":4,"minecraft:spruce_planks":184,"minecraft:rabbit_hide":3,"minecraft:beef":6,"minecraft:wooden_shovel":1,"minecraft:rabbit":2,"minecraft:sugar_cane":6,"minecraft:chest":2,"minecraft:stick":3,"minecraft:sweet_berries":43,"minecraft:torch":3,"minecraft:snow_block":1,"minecraft:sand":1,"minecraft:spruce_sapling":6,"minecraft:ink_sac":3,"minecraft:carrot":2,"minecraft:spruce_log":57,"minecraft:rotten_flesh":2,"minecraft:black_banner":2,"minecraft:light_gray_carpet":2,"minecraft:mutton":11,"minecraft:coal":30,"minecraft:snowball":8,"minecraft:white_wool":8,"minecraft:cobblestone":60}},"DataVersion":3120}