{"stats":{"minecraft:crafted":{"minecraft:wooden_sword":1,"minecraft:wooden_shovel":1,"minecraft:wooden_hoe":1,"minecraft:crafting_table":1,"minecraft:spruce_planks":100,"minecraft:stick":16,"minecraft:wooden_axe":2},"minecraft:killed":{"minecraft:villager":1},"minecraft:mined":{"minecraft:light_gray_carpet":1,"minecraft:red_bed":1,"minecraft:spruce_log":38,"minecraft:white_carpet":1,"minecraft:crafting_table":1,"minecraft:chest":1,"minecraft:spruce_leaves":22,"minecraft:blue_bed":2},"minecraft:used":{"minecraft:wooden_axe":13,"minecraft:wooden_hoe":21,"minecraft:snow_block":1,"minecraft:chest":1,"minecraft:spruce_sapling":2,"minecraft:blue_bed":2,"minecraft:golden_leggings":1,"minecraft:crafting_table":1,"minecraft:potato":18,"minecraft:snowball":8,"minecraft:golden_axe":13,"minecraft:obsidian":1},"minecraft:picked_up":{"minecraft:crafting_table":1,"minecraft:stick":1,"minecraft:potato":16,"minecraft:snow_block":1,"minecraft:spruce_sapling":4,"minecraft:spruce_log":35,"minecraft:blue_bed":2,"minecraft:red_bed":1,"minecraft:white_carpet":1,"minecraft:light_gray_carpet":1,"minecraft:chest":1,"minecraft:snowball":8},"minecraft:custom":{"minecraft:time_since_rest":3467,"minecraft:sprint_one_cm":18661,"minecraft:damage_taken":20,"minecraft:walk_one_cm":77328,"minecraft:mob_kills":1,"minecraft:damage_dealt":200,"minecraft:interact_with_crafting_table":4,"minecraft:fly_one_cm":34978,"minecraft:open_chest":5,"minecraft:crouch_one_cm":144,"minecraft:play_time":15927,"minecraft:sneak_time":102,"minecraft:jump":265,"minecraft:time_since_death":15927,"minecraft:sleep_in_bed":6,"minecraft:total_world_time":15927,"minecraft:climb_one_cm":2463,"minecraft:fall_one_cm":8139}},"DataVersion":3120}