{"stats":{"minecraft:crafted":{"minecraft:wooden_sword":1,"minecraft:wooden_shovel":1,"minecraft:crafting_table":1,"minecraft:spruce_planks":220,"minecraft:wooden_pickaxe":1,"minecraft:stone_axe":1,"minecraft:air":0,"minecraft:wooden_hoe":1,"minecraft:stick":32,"minecraft:stone_pickaxe":1,"minecraft:wooden_axe":2,"minecraft:stone_sword":1,"minecraft:torch":8,"minecraft:stone_hoe":1,"minecraft:cooked_rabbit":2},"minecraft:broken":{"minecraft:wooden_pickaxe":1},"minecraft:killed":{"minecraft:cat":1,"minecraft:salmon":14,"minecraft:rabbit":4,"minecraft:squid":1,"minecraft:villager":2},"minecraft:dropped":{"minecraft:rotten_flesh":2,"minecraft:wooden_hoe":2,"minecraft:wooden_axe":4,"minecraft:wooden_sword":1},"minecraft:mined":{"minecraft:light_gray_carpet":1,"minecraft:red_bed":3,"minecraft:crafting_table":2,"minecraft:chest":2,"minecraft:spruce_leaves":29,"minecraft:blue_bed":5,"minecraft:tall_seagrass":1,"minecraft:carrots":2,"minecraft:wheat":3,"minecraft:black_wall_banner":3,"minecraft:white_carpet":1,"minecraft:spruce_log":60,"minecraft:grass":1,"minecraft:potatoes":49,"minecraft:coal_ore":35,"minecraft:stone":62},"minecraft:used":{"minecraft:wheat_seeds":1,"minecraft:stone_sword":37,"minecraft:snow_block":1,"minecraft:stone_pickaxe":39,"minecraft:leather_chestplate":1,"minecraft:chest":1,"minecraft:wooden_pickaxe":59,"minecraft:blue_bed":2,"minecraft:stone_hoe":22,"minecraft:dirt":1,"minecraft:crafting_table":2,"minecraft:red_bed":2,"minecraft:snowball":8,"minecraft:spruce_log":2,"minecraft:obsidian":1,"minecraft:wooden_axe":20,"minecraft:wooden_hoe":21,"minecraft:spruce_sapling":4,"minecraft:golden_leggings":1,"minecraft:stone_axe":31,"minecraft:wooden_sword":7,"minecraft:cooked_rabbit":2,"minecraft:potato":40,"minecraft:golden_axe":13},"minecraft:custom":{"minecraft:interact_with_furnace":3,"minecraft:mob_kills":22,"minecraft:interact_with_crafting_table":7,"minecraft:time_since_death":39927,"minecraft:sleep_in_bed":8,"minecraft:climb_one_cm":2463,"minecraft:time_since_rest":13374,"minecraft:sprint_one_cm":45261,"minecraft:damage_taken":120,"minecraft:walk_one_cm":196112,"minecraft:drop":9,"minecraft:damage_dealt":1230,"minecraft:talked_to_villager":1,"minecraft:fly_one_cm":72599,"minecraft:open_chest":13,"minecraft:crouch_one_cm":456,"minecraft:play_time":39927,"minecraft:sneak_time":487,"minecraft:walk_under_water_one_cm":25083,"minecraft:jump":664,"minecraft:walk_on_water_one_cm":4478,"minecraft:total_world_time":39927,"minecraft:fall_one_cm":20884},"minecraft:picked_up":{"minecraft:wooden_axe":2,"minecraft:crafting_table":2,"minecraft:salmon":10,"minecraft:potato":64,"minecraft:dirt":1,"minecraft:wooden_hoe":1,"minecraft:string":2,"minecraft:blue_bed":5,"minecraft:red_bed":3,"minecraft:white_carpet":2,"minecraft:wheat_seeds":4,"minecraft:spruce_planks":184,"minecraft:rabbit_hide":3,"minecraft:wooden_shovel":1,"minecraft:rabbit":2,"minecraft:chest":2,"minecraft:stick":2,"minecraft:snow_block":1,"minecraft:spruce_sapling":6,"minecraft:ink_sac":3,"minecraft:carrot":2,"minecraft:spruce_log":57,"minecraft:rotten_flesh":2,"minecraft:black_banner":2,"minecraft:light_gray_carpet":2,"minecraft:coal":30,"minecraft:snowball":8,"minecraft:cobblestone":60}},"DataVersion":3120}