{"stats":{"minecraft:mined":{"minecraft:spruce_leaves":9,"minecraft:spruce_log":17},"minecraft:picked_up":{"minecraft:stick":1,"minecraft:spruce_sapling":1,"minecraft:spruce_log":17},"minecraft:custom":{"minecraft:jump":124,"minecraft:time_since_rest":3927,"minecraft:crouch_one_cm":144,"minecraft:play_time":3927,"minecraft:sprint_one_cm":12660,"minecraft:damage_taken":20,"minecraft:time_since_death":3927,"minecraft:walk_one_cm":4408,"minecraft:sneak_time":102,"minecraft:total_world_time":3927,"minecraft:fall_one_cm":5300,"minecraft:fly_one_cm":26613}},"DataVersion":3120}