{"stats":{"minecraft:crafted":{"minecraft:wooden_sword":1,"minecraft:wooden_shovel":1,"minecraft:wooden_hoe":1,"minecraft:crafting_table":1,"minecraft:spruce_planks":148,"minecraft:stick":32,"minecraft:stone_pickaxe":1,"minecraft:wooden_pickaxe":1,"minecraft:wooden_axe":2,"minecraft:stone_sword":1,"minecraft:stone_hoe":1,"minecraft:stone_axe":1,"minecraft:cooked_rabbit":2,"minecraft:air":0},"minecraft:broken":{"minecraft:wooden_pickaxe":1},"minecraft:killed":{"minecraft:rabbit":4,"minecraft:villager":2},"minecraft:dropped":{"minecraft:rotten_flesh":2},"minecraft:mined":{"minecraft:light_gray_carpet":1,"minecraft:red_bed":2,"minecraft:spruce_log":50,"minecraft:white_carpet":1,"minecraft:crafting_table":1,"minecraft:grass":1,"minecraft:coal_ore":32,"minecraft:potatoes":2,"minecraft:chest":1,"minecraft:stone":59,"minecraft:spruce_leaves":28,"minecraft:blue_bed":2},"minecraft:used":{"minecraft:wooden_axe":20,"minecraft:wooden_hoe":21,"minecraft:stone_sword":1,"minecraft:snow_block":1,"minecraft:stone_pickaxe":33,"minecraft:chest":1,"minecraft:wooden_pickaxe":59,"minecraft:spruce_sapling":4,"minecraft:blue_bed":2,"minecraft:golden_leggings":1,"minecraft:stone_axe":15,"minecraft:wooden_sword":7,"minecraft:crafting_table":2,"minecraft:red_bed":2,"minecraft:cooked_rabbit":2,"minecraft:potato":20,"minecraft:snowball":8,"minecraft:golden_axe":13,"minecraft:obsidian":1},"minecraft:picked_up":{"minecraft:crafting_table":1,"minecraft:stick":1,"minecraft:potato":18,"minecraft:snow_block":1,"minecraft:spruce_sapling":6,"minecraft:spruce_log":47,"minecraft:blue_bed":2,"minecraft:red_bed":2,"minecraft:white_carpet":1,"minecraft:rotten_flesh":2,"minecraft:wheat_seeds":1,"minecraft:rabbit_hide":3,"minecraft:rabbit":2,"minecraft:coal":29,"minecraft:light_gray_carpet":1,"minecraft:chest":1,"minecraft:snowball":8,"minecraft:cobblestone":57},"minecraft:custom":{"minecraft:time_since_rest":1374,"minecraft:interact_with_furnace":3,"minecraft:sprint_one_cm":30378,"minecraft:damage_taken":40,"minecraft:walk_one_cm":133967,"minecraft:mob_kills":6,"minecraft:drop":2,"minecraft:damage_dealt":590,"minecraft:talked_to_villager":1,"minecraft:interact_with_crafting_table":6,"minecraft:fly_one_cm":53425,"minecraft:open_chest":9,"minecraft:crouch_one_cm":154,"minecraft:play_time":27927,"minecraft:sneak_time":118,"minecraft:jump":461,"minecraft:time_since_death":27927,"minecraft:sleep_in_bed":8,"minecraft:total_world_time":27927,"minecraft:climb_one_cm":2463,"minecraft:fall_one_cm":11901}},"DataVersion":3120}