{"stats":{"minecraft:crafted":{"minecraft:wooden_sword":1,"minecraft:leather_boots":1,"minecraft:cooked_mutton":19,"minecraft:stone_pickaxe":1,"minecraft:stone_hoe":1,"minecraft:cooked_rabbit":2,"minecraft:cooked_beef":37,"minecraft:wooden_shovel":1,"minecraft:crafting_table":1,"minecraft:spruce_planks":220,"minecraft:wooden_pickaxe":1,"minecraft:cooked_salmon":10,"minecraft:stone_axe":1,"minecraft:air":0,"minecraft:wooden_hoe":1,"minecraft:stick":32,"minecraft:wooden_axe":2,"minecraft:stone_sword":1,"minecraft:torch":8},"minecraft:broken":{"minecraft:leather_helmet":1,"minecraft:wooden_pickaxe":1,"minecraft:stone_pickaxe":1,"minecraft:leather_boots":1},"minecraft:killed":{"minecraft:witch":1,"minecraft:spider":3,"minecraft:skeleton":4,"minecraft:chicken":1,"minecraft:silverfish":10,"minecraft:cat":1,"minecraft:salmon":14,"minecraft:rabbit":4,"minecraft:squid":1,"minecraft:sheep":9,"minecraft:pillager":1,"minecraft:zombie":4,"minecraft:stray":2,"minecraft:villager":2,"minecraft:cow":4},"minecraft:used":{"minecraft:stone_sword":212,"minecraft:chest":1,"minecraft:shield":2,"minecraft:iron_sword":6,"minecraft:stone_hoe":22,"minecraft:torch":9,"minecraft:dirt":7,"minecraft:spyglass":16,"minecraft:shulker_box":5,"minecraft:granite":1,"minecraft:snowball":8,"minecraft:obsidian":1,"minecraft:wooden_axe":20,"minecraft:golden_sword":1,"minecraft:sweet_berries":28,"minecraft:cooked_beef":17,"minecraft:potato":40,"minecraft:golden_axe":13,"minecraft:wheat_seeds":1,"minecraft:snow_block":1,"minecraft:stone_pickaxe":136,"minecraft:leather_chestplate":1,"minecraft:wooden_pickaxe":59,"minecraft:sandstone":15,"minecraft:cut_sandstone":1,"minecraft:blue_bed":5,"minecraft:mossy_cobblestone":4,"minecraft:sand":5,"minecraft:tnt":4,"minecraft:crafting_table":2,"minecraft:red_bed":5,"minecraft:spruce_log":2,"minecraft:wooden_hoe":21,"minecraft:iron_pickaxe":1,"minecraft:stone_button":2,"minecraft:map":1,"minecraft:spruce_sapling":4,"minecraft:golden_leggings":1,"minecraft:stone_axe":46,"minecraft:wooden_sword":7,"minecraft:cobblestone":55,"minecraft:cooked_rabbit":2,"minecraft:experience_bottle":1},"minecraft:mined":{"minecraft:stone_pressure_plate":1,"minecraft:mossy_cobblestone":6,"minecraft:dark_oak_leaves":4,"minecraft:shulker_box":5,"minecraft:granite":1,"minecraft:dark_oak_fence":2,"minecraft:grass_block":2,"minecraft:spruce_fence":3,"minecraft:spruce_leaves":43,"minecraft:sandstone":26,"minecraft:large_fern":2,"minecraft:tall_seagrass":1,"minecraft:furnace":1,"minecraft:carrots":2,"minecraft:potatoes":49,"minecraft:flowering_azalea_leaves":1,"minecraft:packed_ice":5,"minecraft:azalea_leaves":1,"minecraft:stone":70,"minecraft:white_wool":2,"minecraft:spruce_slab":1,"minecraft:light_gray_carpet":1,"minecraft:cut_sandstone":6,"minecraft:red_bed":4,"minecraft:crafting_table":2,"minecraft:torch":8,"minecraft:chest":2,"minecraft:stone_slab":1,"minecraft:cobblestone":4,"minecraft:grindstone":6,"minecraft:sugar_cane":4,"minecraft:blue_bed":8,"minecraft:wall_torch":2,"minecraft:wheat":3,"minecraft:black_wall_banner":3,"minecraft:white_carpet":1,"minecraft:spruce_log":60,"minecraft:tnt":19,"minecraft:grass":5,"minecraft:coal_ore":35,"minecraft:sand":14,"minecraft:dirt":15,"minecraft:cracked_stone_bricks":3,"minecraft:red_mushroom_block":6,"minecraft:stone_bricks":6,"minecraft:mossy_stone_bricks":7,"minecraft:infested_stone":3,"minecraft:oak_leaves":2,"minecraft:fern":1},"minecraft:dropped":{"minecraft:iron_ingot":1,"minecraft:wheat_seeds":3,"minecraft:crossbow":1,"minecraft:chest_minecart":8,"minecraft:rail":128,"minecraft:red_mushroom":5,"minecraft:flint":1,"minecraft:wooden_hoe":2,"minecraft:wooden_axe":4,"minecraft:wooden_sword":1,"minecraft:sand":1,"minecraft:string":5,"minecraft:bone":41,"minecraft:blue_bed":2,"minecraft:iron_nugget":12,"minecraft:detector_rail":20,"minecraft:stone_sword":2,"minecraft:rotten_flesh":8,"minecraft:pumpkin_seeds":33,"minecraft:filled_map":1,"minecraft:chest":1,"minecraft:wooden_shovel":1},"minecraft:killed_by":{"minecraft:stray":1,"minecraft:creeper":1,"cartoon_dweller:cartoon_dweller":1,"man:managgresive":1,"minecraft:zombie":1},"minecraft:custom":{"minecraft:mob_kills":70,"minecraft:interact_with_crafting_table":10,"minecraft:open_barrel":13,"minecraft:open_shulker_box":9,"minecraft:leave_game":2,"minecraft:time_since_death":28303,"minecraft:climb_one_cm":5925,"minecraft:sprint_one_cm":414359,"minecraft:walk_one_cm":633740,"minecraft:damage_blocked_by_shield":80,"minecraft:drop":51,"minecraft:talked_to_villager":1,"minecraft:play_time":164452,"minecraft:deaths":8,"minecraft:sneak_time":4416,"minecraft:walk_under_water_one_cm":43465,"minecraft:jump":3529,"minecraft:walk_on_water_one_cm":29238,"minecraft:total_world_time":164452,"minecraft:interact_with_furnace":32,"minecraft:interact_with_grindstone":1,"minecraft:sleep_in_bed":16,"minecraft:time_since_rest":28404,"minecraft:damage_taken":5060,"minecraft:damage_dealt":8344,"minecraft:player_kills":1,"minecraft:swim_one_cm":36771,"minecraft:fly_one_cm":671666,"minecraft:open_chest":47,"minecraft:crouch_one_cm":14202,"minecraft:interact_with_smoker":1,"minecraft:fall_one_cm":117605},"minecraft:picked_up":{"minecraft:wooden_axe":2,"minecraft:crafting_table":2,"minecraft:chest_minecart":8,"minecraft:stone_slab":1,"minecraft:enchanted_book":1,"minecraft:string":9,"minecraft:red_bed":6,"minecraft:white_carpet":2,"minecraft:detector_rail":20,"minecraft:spruce_planks":184,"minecraft:beef":6,"minecraft:wooden_shovel":1,"minecraft:chest":2,"minecraft:sugar_cane":6,"minecraft:sandstone":15,"minecraft:stick":3,"minecraft:torch":75,"minecraft:snow_block":1,"minecraft:stone_button":3,"minecraft:carrot":2,"minecraft:tnt":21,"minecraft:arrow":3,"minecraft:rotten_flesh":8,"minecraft:black_banner":2,"minecraft:glow_berries":64,"minecraft:mutton":11,"minecraft:rail":124,"minecraft:snowball":8,"minecraft:white_wool":10,"minecraft:cobblestone":65,"minecraft:andesite":6,"minecraft:salmon":20,"minecraft:cut_sandstone":1,"minecraft:leather":15,"minecraft:red_mushroom":5,"minecraft:potato":65,"minecraft:wooden_hoe":1,"minecraft:dirt":7,"minecraft:blue_bed":9,"minecraft:name_tag":12,"minecraft:bone":46,"minecraft:stone_bricks":2,"minecraft:wheat_seeds":4,"minecraft:rabbit_hide":3,"minecraft:iron_ingot":32,"minecraft:grindstone":6,"minecraft:rabbit":15,"minecraft:powered_rail":20,"minecraft:sweet_berries":43,"minecraft:sand":6,"minecraft:spruce_sapling":6,"minecraft:ink_sac":3,"minecraft:spruce_log":57,"minecraft:spider_eye":1,"minecraft:shulker_box":6,"minecraft:mossy_cobblestone":4,"minecraft:pumpkin_seeds":33,"minecraft:granite":1,"minecraft:golden_apple":10,"minecraft:gray_wool":1,"minecraft:light_gray_carpet":2,"minecraft:dark_oak_fence":2,"minecraft:coal":76}},"DataVersion":3120}