{"stats":{"minecraft:crafted":{"minecraft:stick":12,"minecraft:spruce_planks":24,"minecraft:wooden_pickaxe":1,"minecraft:stone_pickaxe":1,"minecraft:wooden_axe":1,"minecraft:torch":4,"minecraft:stone_axe":1},"minecraft:killed":{"minecraft:zombie":1,"minecraft:cow":4},"minecraft:dropped":{"minecraft:wooden_axe":1,"minecraft:wooden_pickaxe":1},"minecraft:mined":{"minecraft:carrots":1,"minecraft:ice":3,"minecraft:spruce_log":6,"minecraft:torch":2,"minecraft:grass":3,"minecraft:grass_block":3,"minecraft:coal_ore":36,"minecraft:dirt_path":1,"minecraft:dirt":7,"minecraft:stone":44,"minecraft:sugar_cane":1,"minecraft:blue_bed":1},"minecraft:used":{"minecraft:wooden_axe":17,"minecraft:stone_pickaxe":56,"minecraft:leather_chestplate":1,"minecraft:wooden_pickaxe":24,"minecraft:blue_bed":1,"minecraft:spruce_sapling":1,"minecraft:leather_boots":1,"minecraft:stone_axe":14,"minecraft:torch":2,"minecraft:dirt":10,"minecraft:cobblestone":19,"minecraft:carrot":1},"minecraft:killed_by":{"minecraft:player":1,"cartoon_dweller:cartoon_dweller":1},"minecraft:picked_up":{"minecraft:leather":1,"minecraft:torch":2,"minecraft:spruce_sapling":1,"minecraft:spruce_log":6,"minecraft:carrot":2,"minecraft:blue_bed":1,"minecraft:dirt":11,"minecraft:beef":8,"minecraft:sugar_cane":6,"minecraft:coal":36,"minecraft:cobblestone":42},"minecraft:custom":{"minecraft:time_since_rest":209,"minecraft:sprint_one_cm":82641,"minecraft:interact_with_furnace":1,"minecraft:damage_taken":637,"minecraft:walk_one_cm":142298,"minecraft:mob_kills":5,"minecraft:drop":2,"minecraft:damage_dealt":761,"minecraft:talked_to_villager":2,"minecraft:interact_with_crafting_table":3,"minecraft:fly_one_cm":79985,"minecraft:open_chest":3,"minecraft:crouch_one_cm":11288,"minecraft:play_time":32313,"minecraft:deaths":2,"minecraft:sneak_time":3624,"minecraft:walk_under_water_one_cm":264,"minecraft:jump":675,"minecraft:time_since_death":3990,"minecraft:walk_on_water_one_cm":319,"minecraft:sleep_in_bed":9,"minecraft:total_world_time":32313,"minecraft:fall_one_cm":12808}},"DataVersion":3120}