{"stats":{"minecraft:crafted":{"minecraft:stick":12,"minecraft:spruce_planks":24,"minecraft:wooden_pickaxe":1,"minecraft:stone_pickaxe":1,"minecraft:wooden_axe":1,"minecraft:torch":4,"minecraft:stone_axe":1},"minecraft:killed":{"minecraft:zombie":1,"minecraft:cow":4},"minecraft:dropped":{"minecraft:wooden_axe":1,"minecraft:wooden_pickaxe":1,"minecraft:cooked_mutton":1},"minecraft:mined":{"minecraft:carrots":1,"minecraft:mossy_cobblestone":1,"minecraft:ice":3,"minecraft:spruce_log":6,"minecraft:torch":2,"minecraft:dark_oak_fence":1,"minecraft:grass":3,"minecraft:grass_block":3,"minecraft:coal_ore":56,"minecraft:dirt_path":1,"minecraft:dirt":7,"minecraft:cracked_stone_bricks":1,"minecraft:stone_bricks":9,"minecraft:stone":47,"minecraft:sugar_cane":1,"minecraft:mossy_stone_bricks":3,"minecraft:blue_bed":4},"minecraft:used":{"minecraft:redstone_torch":1,"minecraft:wooden_axe":17,"minecraft:mossy_stone_bricks":2,"minecraft:stone_pickaxe":94,"minecraft:spruce_planks":12,"minecraft:leather_chestplate":1,"minecraft:wooden_pickaxe":24,"minecraft:blue_bed":3,"minecraft:spruce_sapling":1,"minecraft:leather_boots":1,"minecraft:stone_bricks":3,"minecraft:stone_axe":16,"minecraft:torch":2,"minecraft:dirt":10,"minecraft:cobblestone":36,"minecraft:carrot":1},"minecraft:killed_by":{"minecraft:player":1,"cartoon_dweller:cartoon_dweller":1},"minecraft:picked_up":{"minecraft:cooked_beef":4,"minecraft:leather":1,"minecraft:torch":2,"anthropology_items__structures:hunters_machete":1,"minecraft:spruce_sapling":1,"minecraft:spruce_log":6,"minecraft:carrot":2,"minecraft:blue_bed":4,"minecraft:dirt":11,"minecraft:cooked_mutton":1,"minecraft:stone_bricks":6,"minecraft:cracked_stone_bricks":1,"minecraft:spruce_planks":2,"minecraft:beef":8,"minecraft:redstone_torch":1,"minecraft:mossy_stone_bricks":3,"minecraft:sugar_cane":6,"minecraft:dark_oak_fence":1,"minecraft:coal":56,"minecraft:cobblestone":43},"minecraft:custom":{"minecraft:time_since_rest":8480,"minecraft:sprint_one_cm":98155,"minecraft:interact_with_furnace":1,"minecraft:damage_taken":914,"minecraft:walk_one_cm":180437,"minecraft:mob_kills":5,"minecraft:drop":3,"minecraft:damage_dealt":815,"minecraft:talked_to_villager":2,"minecraft:interact_with_crafting_table":3,"minecraft:fly_one_cm":95236,"minecraft:open_chest":5,"minecraft:crouch_one_cm":17049,"minecraft:play_time":44313,"minecraft:interact_with_campfire":8,"minecraft:deaths":3,"minecraft:sneak_time":6026,"minecraft:walk_under_water_one_cm":264,"minecraft:jump":858,"minecraft:time_since_death":10366,"minecraft:walk_on_water_one_cm":5019,"minecraft:sleep_in_bed":12,"minecraft:total_world_time":44313,"minecraft:fall_one_cm":18633}},"DataVersion":3120}