{"stats":{"minecraft:used":{"minecraft:leather_chestplate":1,"minecraft:leather_boots":1},"minecraft:mined":{"minecraft:grass":1},"minecraft:custom":{"minecraft:jump":135,"minecraft:open_chest":2,"minecraft:time_since_rest":3467,"minecraft:damage_dealt":147,"minecraft:crouch_one_cm":517,"minecraft:sprint_one_cm":27354,"minecraft:interact_with_furnace":1,"minecraft:play_time":8313,"minecraft:damage_taken":25,"minecraft:time_since_death":8313,"minecraft:walk_one_cm":25138,"minecraft:sleep_in_bed":4,"minecraft:sneak_time":142,"minecraft:total_world_time":8313,"minecraft:talked_to_villager":2,"minecraft:fall_one_cm":2357,"minecraft:fly_one_cm":22525}},"DataVersion":3120}