{"stats":{"minecraft:crafted":{"minecraft:stick":8,"minecraft:spruce_planks":24,"minecraft:wooden_pickaxe":1,"minecraft:stone_pickaxe":1,"minecraft:wooden_axe":1,"minecraft:stone_axe":1},"minecraft:killed":{"minecraft:zombie":1},"minecraft:dropped":{"minecraft:wooden_axe":1,"minecraft:wooden_pickaxe":1},"minecraft:mined":{"minecraft:carrots":1,"minecraft:spruce_log":6,"minecraft:grass":1,"minecraft:grass_block":3,"minecraft:coal_ore":1,"minecraft:dirt":6,"minecraft:stone":23},"minecraft:used":{"minecraft:wooden_axe":17,"minecraft:leather_chestplate":1,"minecraft:wooden_pickaxe":24,"minecraft:leather_boots":1,"minecraft:dirt":9,"minecraft:cobblestone":5,"minecraft:carrot":1},"minecraft:picked_up":{"minecraft:spruce_log":6,"minecraft:carrot":2,"minecraft:dirt":9,"minecraft:coal":1,"minecraft:cobblestone":22},"minecraft:custom":{"minecraft:time_since_rest":1022,"minecraft:sprint_one_cm":27354,"minecraft:interact_with_furnace":1,"minecraft:damage_taken":182,"minecraft:walk_one_cm":91792,"minecraft:mob_kills":1,"minecraft:drop":2,"minecraft:damage_dealt":346,"minecraft:talked_to_villager":2,"minecraft:interact_with_crafting_table":3,"minecraft:fly_one_cm":22939,"minecraft:open_chest":3,"minecraft:crouch_one_cm":5233,"minecraft:play_time":20313,"minecraft:sneak_time":1532,"minecraft:walk_under_water_one_cm":264,"minecraft:jump":321,"minecraft:time_since_death":20313,"minecraft:walk_on_water_one_cm":150,"minecraft:sleep_in_bed":8,"minecraft:total_world_time":20313,"minecraft:fall_one_cm":6221}},"DataVersion":3120}