{"stats":{"minecraft:crafted":{"minecraft:spruce_planks":24,"minecraft:wooden_pickaxe":1,"minecraft:stone_axe":1,"minecraft:stick":12,"minecraft:stone_pickaxe":1,"minecraft:wooden_axe":1,"minecraft:torch":4},"minecraft:broken":{"minecraft:stone_pickaxe":1},"minecraft:killed":{"minecraft:pig":2,"minecraft:zombie":3,"minecraft:cow":4},"minecraft:mined":{"minecraft:mossy_cobblestone":1,"minecraft:smoker":1,"minecraft:torch":2,"minecraft:dark_oak_fence":1,"minecraft:grass_block":3,"minecraft:sugar_cane":1,"minecraft:diorite":1,"minecraft:wall_torch":1,"minecraft:blue_bed":4,"minecraft:potted_fern":1,"minecraft:carrots":1,"minecraft:iron_ore":8,"minecraft:ice":3,"minecraft:spruce_log":6,"minecraft:pumpkin":1,"minecraft:grass":4,"minecraft:coal_ore":75,"minecraft:dirt_path":1,"minecraft:lantern":3,"minecraft:dirt":7,"minecraft:cracked_stone_bricks":1,"minecraft:stone":51,"minecraft:stone_bricks":9,"minecraft:mossy_stone_bricks":3},"minecraft:dropped":{"minecraft:wheat_seeds":1,"minecraft:cobblestone":1,"minecraft:cooked_mutton":1,"minecraft:wooden_axe":1,"minecraft:wooden_pickaxe":1},"minecraft:used":{"minecraft:mossy_stone_bricks":2,"minecraft:diorite":1,"minecraft:stone_pickaxe":132,"minecraft:wooden_pickaxe":24,"minecraft:spruce_planks":12,"minecraft:leather_chestplate":1,"minecraft:blue_bed":3,"minecraft:leather_boots":1,"minecraft:torch":6,"anthropology_items__structures:hunters_machete":11,"minecraft:dirt":10,"minecraft:carrot":1,"minecraft:redstone_torch":1,"minecraft:wooden_axe":17,"minecraft:spruce_sapling":1,"minecraft:stone_bricks":3,"minecraft:stone_axe":24,"minecraft:cobblestone":38,"minecraft:cooked_beef":2},"minecraft:killed_by":{"minecraft:player":1,"cartoon_dweller:cartoon_dweller":1},"minecraft:picked_up":{"minecraft:cooked_beef":4,"minecraft:flower_pot":1,"minecraft:leather":1,"minecraft:fern":1,"minecraft:smoker":1,"anthropology_items__structures:hunters_machete":1,"minecraft:dirt":11,"minecraft:blue_bed":4,"minecraft:lantern":3,"minecraft:cooked_mutton":1,"minecraft:stone_bricks":6,"minecraft:cracked_stone_bricks":1,"minecraft:wheat_seeds":1,"minecraft:spruce_planks":2,"minecraft:beef":8,"minecraft:redstone_torch":1,"minecraft:mossy_stone_bricks":3,"minecraft:sugar_cane":6,"minecraft:raw_iron":8,"minecraft:pumpkin":1,"minecraft:torch":3,"minecraft:porkchop":4,"minecraft:spruce_sapling":1,"minecraft:diorite":1,"minecraft:carrot":2,"minecraft:spruce_log":6,"minecraft:rotten_flesh":1,"minecraft:dark_oak_fence":1,"minecraft:coal":74,"minecraft:cobblestone":47},"minecraft:custom":{"minecraft:interact_with_furnace":1,"minecraft:mob_kills":9,"minecraft:interact_with_crafting_table":3,"minecraft:open_barrel":6,"minecraft:interact_with_campfire":8,"minecraft:time_since_death":22366,"minecraft:sleep_in_bed":13,"minecraft:climb_one_cm":424,"minecraft:time_since_rest":0,"minecraft:sprint_one_cm":137075,"minecraft:damage_taken":1096,"minecraft:walk_one_cm":206943,"minecraft:drop":5,"minecraft:damage_dealt":1418,"minecraft:talked_to_villager":2,"minecraft:fly_one_cm":118872,"minecraft:open_chest":6,"minecraft:crouch_one_cm":20867,"minecraft:play_time":56313,"minecraft:deaths":3,"minecraft:sneak_time":7405,"minecraft:walk_under_water_one_cm":264,"minecraft:jump":1079,"minecraft:walk_on_water_one_cm":5800,"minecraft:total_world_time":56313,"minecraft:fall_one_cm":20899}},"DataVersion":3120}