{"stats":{"minecraft:crafted":{"minecraft:furnace":1,"minecraft:cooked_mutton":5,"minecraft:stone_pickaxe":3,"minecraft:cooked_porkchop":10,"minecraft:crafting_table":1,"minecraft:spruce_planks":24,"minecraft:wooden_pickaxe":1,"minecraft:stone_axe":2,"minecraft:bread":3,"minecraft:air":0,"minecraft:stick":16,"minecraft:iron_ingot":3,"minecraft:iron_pickaxe":1,"minecraft:wooden_axe":1,"minecraft:torch":28},"minecraft:broken":{"minecraft:stone_pickaxe":1,"minecraft:leather_boots":1,"minecraft:stone_axe":1},"minecraft:killed":{"minecraft:silverfish":5,"minecraft:pig":6,"minecraft:sheep":3,"minecraft:zombie":5,"minecraft:cow":4},"minecraft:used":{"minecraft:spruce_planks":12,"minecraft:netherrack":1,"minecraft:torch":25,"minecraft:dirt":10,"minecraft:carrot":1,"minecraft:shulker_box":2,"minecraft:wooden_axe":17,"minecraft:stone_bricks":9,"minecraft:magma_block":3,"minecraft:hay_block":1,"minecraft:furnace":1,"minecraft:cooked_beef":4,"minecraft:orange_terracotta":1,"minecraft:iron_leggings":1,"minecraft:brown_bed":2,"minecraft:cooked_mutton":2,"minecraft:mossy_stone_bricks":2,"minecraft:diorite":1,"minecraft:stone_pickaxe":230,"minecraft:leather_chestplate":1,"minecraft:wooden_pickaxe":24,"minecraft:cut_sandstone":1,"minecraft:blue_bed":4,"minecraft:leather_boots":1,"minecraft:white_wool":3,"anthropology_items__structures:hunters_machete":16,"minecraft:mossy_cobblestone":5,"minecraft:sand":8,"minecraft:crafting_table":1,"minecraft:smoker":1,"minecraft:redstone_torch":1,"minecraft:apple":1,"minecraft:bread":15,"minecraft:iron_pickaxe":76,"minecraft:spruce_sapling":1,"minecraft:stone_axe":105,"minecraft:fishing_rod":17,"minecraft:cobblestone":81,"minecraft:cooked_porkchop":4},"minecraft:dropped":{"minecraft:wheat_seeds":1,"minecraft:mossy_cobblestone":6,"minecraft:oak_fence":1,"minecraft:cobblestone":1,"minecraft:leather":1,"minecraft:granite":1,"minecraft:wooden_axe":1,"minecraft:iron_pickaxe":1,"minecraft:blue_bed":1,"minecraft:emerald_block":3,"minecraft:white_carpet":3,"minecraft:cooked_mutton":1,"minecraft:carved_pumpkin":1,"minecraft:stone_pickaxe":1,"minecraft:wooden_pickaxe":1},"minecraft:mined":{"minecraft:red_carpet":16,"minecraft:stone_pressure_plate":1,"minecraft:spruce_planks":2,"minecraft:mossy_cobblestone":14,"minecraft:dark_oak_leaves":165,"minecraft:shulker_box":2,"minecraft:carved_pumpkin":1,"minecraft:dark_oak_fence":1,"minecraft:grass_block":11,"minecraft:oxeye_daisy":1,"minecraft:potted_fern":1,"minecraft:hay_block":6,"minecraft:magma_block":4,"minecraft:carrots":1,"minecraft:furnace":1,"minecraft:iron_ore":15,"minecraft:andesite":1,"minecraft:pumpkin":1,"minecraft:moss_carpet":1,"minecraft:gold_block":1,"minecraft:brown_bed":2,"minecraft:dirt_path":1,"minecraft:lantern":8,"minecraft:stone":79,"minecraft:white_wool":1,"minecraft:cut_sandstone":3,"minecraft:red_bed":2,"minecraft:smoker":2,"minecraft:orange_terracotta":1,"minecraft:torch":4,"minecraft:oak_fence":1,"minecraft:crafting_table":2,"minecraft:dark_oak_wood":8,"minecraft:dead_bush":1,"minecraft:cobblestone":5,"minecraft:sugar_cane":1,"minecraft:oak_planks":6,"minecraft:iron_door":2,"minecraft:blue_bed":6,"minecraft:diorite":1,"minecraft:wall_torch":4,"minecraft:ice":3,"minecraft:white_carpet":4,"minecraft:spruce_log":6,"minecraft:tnt":1,"minecraft:smooth_stone_slab":3,"minecraft:grass":8,"minecraft:coal_ore":100,"minecraft:dirt":14,"minecraft:sand":37,"minecraft:cracked_stone_bricks":1,"minecraft:stone_bricks":24,"minecraft:netherrack":26,"minecraft:mossy_stone_bricks":3,"minecraft:oak_leaves":9,"minecraft:emerald_block":6},"minecraft:killed_by":{"minecraft:player":1,"minecraft:creeper":2,"cartoon_dweller:cartoon_dweller":1},"minecraft:custom":{"minecraft:mob_kills":22,"minecraft:interact_with_crafting_table":14,"minecraft:open_barrel":11,"minecraft:open_shulker_box":2,"minecraft:interact_with_campfire":8,"minecraft:leave_game":1,"minecraft:time_since_death":33937,"minecraft:climb_one_cm":2400,"minecraft:sprint_one_cm":514338,"minecraft:walk_one_cm":443501,"minecraft:drop":16,"minecraft:talked_to_villager":2,"minecraft:play_time":155343,"minecraft:deaths":5,"minecraft:sneak_time":16135,"minecraft:walk_under_water_one_cm":17503,"minecraft:jump":2683,"minecraft:walk_on_water_one_cm":50032,"minecraft:total_world_time":155343,"minecraft:interact_with_furnace":4,"minecraft:sleep_in_bed":17,"minecraft:time_since_rest":34088,"minecraft:damage_taken":3907,"minecraft:damage_dealt":3439,"minecraft:swim_one_cm":86354,"minecraft:fly_one_cm":480552,"minecraft:open_chest":25,"minecraft:crouch_one_cm":56670,"minecraft:fall_one_cm":57072,"minecraft:interact_with_smoker":11},"minecraft:picked_up":{"minecraft:flower_pot":1,"minecraft:stone_slab":1,"minecraft:brown_bed":3,"minecraft:gold_block":1,"minecraft:white_carpet":3,"minecraft:cracked_stone_bricks":1,"minecraft:spruce_planks":4,"minecraft:beef":8,"minecraft:redstone_torch":5,"minecraft:sugar_cane":6,"minecraft:egg":1,"minecraft:dark_oak_sapling":6,"minecraft:stick":7,"minecraft:raw_iron":15,"minecraft:sandstone":2,"minecraft:oak_fence":1,"minecraft:torch":10,"minecraft:porkchop":10,"minecraft:stone_button":3,"minecraft:diorite":1,"minecraft:carrot":2,"minecraft:stone_pressure_plate":1,"minecraft:rotten_flesh":1,"minecraft:hay_block":6,"minecraft:carved_pumpkin":2,"minecraft:mutton":5,"minecraft:rail":1,"minecraft:cobblestone":111,"minecraft:white_wool":3,"minecraft:magma_block":3,"minecraft:cooked_beef":4,"minecraft:iron_door":3,"minecraft:cut_sandstone":4,"minecraft:leather":1,"minecraft:fern":1,"minecraft:smoker":2,"anthropology_items__structures:hunters_machete":1,"minecraft:blue_bed":5,"minecraft:dirt":28,"minecraft:lantern":8,"minecraft:white_banner":3,"minecraft:orange_terracotta":1,"minecraft:cooked_mutton":1,"minecraft:red_carpet":15,"minecraft:apple":5,"minecraft:stone_bricks":16,"minecraft:wheat_seeds":4,"minecraft:mossy_stone_bricks":3,"minecraft:oak_planks":2,"minecraft:emerald_block":6,"minecraft:pumpkin":1,"minecraft:sand":23,"minecraft:spruce_sapling":1,"minecraft:spruce_log":6,"minecraft:shulker_box":2,"minecraft:mossy_cobblestone":13,"minecraft:crossbow":1,"minecraft:granite":1,"minecraft:mangrove_propagule":2,"minecraft:oak_sapling":1,"minecraft:dark_oak_fence":1,"minecraft:netherrack":2,"minecraft:dark_oak_wood":1,"minecraft:coal":105}},"DataVersion":3120}