{"stats":{"minecraft:crafted":{"minecraft:cooked_porkchop":4,"minecraft:crafting_table":1,"minecraft:spruce_planks":24,"minecraft:wooden_pickaxe":1,"minecraft:furnace":1,"minecraft:stone_axe":1,"minecraft:cooked_mutton":5,"minecraft:air":0,"minecraft:stick":16,"minecraft:iron_ingot":3,"minecraft:iron_pickaxe":1,"minecraft:stone_pickaxe":2,"minecraft:wooden_axe":1,"minecraft:torch":4},"minecraft:broken":{"minecraft:stone_pickaxe":1},"minecraft:killed":{"minecraft:pig":2,"minecraft:sheep":3,"minecraft:zombie":3,"minecraft:cow":4},"minecraft:dropped":{"minecraft:emerald_block":3,"minecraft:wheat_seeds":1,"minecraft:mossy_cobblestone":2,"minecraft:white_carpet":3,"minecraft:oak_fence":1,"minecraft:cobblestone":1,"minecraft:leather":1,"minecraft:cooked_mutton":1,"minecraft:wooden_axe":1,"minecraft:stone_pickaxe":1,"minecraft:wooden_pickaxe":1},"minecraft:used":{"minecraft:mossy_stone_bricks":2,"minecraft:diorite":1,"minecraft:stone_pickaxe":156,"minecraft:wooden_pickaxe":24,"minecraft:spruce_planks":12,"minecraft:leather_chestplate":1,"minecraft:blue_bed":3,"minecraft:leather_boots":1,"minecraft:netherrack":1,"minecraft:white_wool":3,"minecraft:torch":6,"minecraft:mossy_cobblestone":5,"anthropology_items__structures:hunters_machete":13,"minecraft:dirt":10,"minecraft:crafting_table":1,"minecraft:carrot":1,"minecraft:smoker":1,"minecraft:redstone_torch":1,"minecraft:wooden_axe":17,"minecraft:apple":1,"minecraft:iron_pickaxe":60,"minecraft:spruce_sapling":1,"minecraft:stone_bricks":3,"minecraft:stone_axe":61,"minecraft:fishing_rod":2,"minecraft:magma_block":3,"minecraft:cobblestone":56,"minecraft:furnace":1,"minecraft:cooked_porkchop":3,"minecraft:cooked_beef":4},"minecraft:mined":{"minecraft:red_carpet":16,"minecraft:spruce_planks":2,"minecraft:red_bed":2,"minecraft:mossy_cobblestone":14,"minecraft:dark_oak_leaves":165,"minecraft:smoker":2,"minecraft:crafting_table":2,"minecraft:oak_fence":1,"minecraft:torch":2,"minecraft:dark_oak_wood":8,"minecraft:dark_oak_fence":1,"minecraft:grass_block":10,"minecraft:cobblestone":3,"minecraft:oak_planks":6,"minecraft:sugar_cane":1,"minecraft:diorite":1,"minecraft:wall_torch":1,"minecraft:blue_bed":4,"minecraft:potted_fern":1,"minecraft:magma_block":4,"minecraft:furnace":1,"minecraft:carrots":1,"minecraft:iron_ore":8,"minecraft:ice":3,"minecraft:white_carpet":4,"minecraft:spruce_log":6,"minecraft:pumpkin":1,"minecraft:gold_block":1,"minecraft:grass":8,"minecraft:coal_ore":75,"minecraft:dirt_path":1,"minecraft:lantern":8,"minecraft:sand":5,"minecraft:dirt":13,"minecraft:cracked_stone_bricks":1,"minecraft:netherrack":26,"minecraft:stone":52,"minecraft:stone_bricks":9,"minecraft:white_wool":1,"minecraft:mossy_stone_bricks":3,"minecraft:oak_leaves":9,"minecraft:emerald_block":6},"minecraft:killed_by":{"minecraft:player":1,"cartoon_dweller:cartoon_dweller":1},"minecraft:custom":{"minecraft:interact_with_furnace":3,"minecraft:mob_kills":12,"minecraft:interact_with_crafting_table":12,"minecraft:open_barrel":7,"minecraft:interact_with_campfire":8,"minecraft:time_since_death":64366,"minecraft:sleep_in_bed":14,"minecraft:climb_one_cm":1778,"minecraft:time_since_rest":38182,"minecraft:sprint_one_cm":257402,"minecraft:damage_taken":1758,"minecraft:walk_one_cm":291739,"minecraft:drop":11,"minecraft:damage_dealt":2117,"minecraft:swim_one_cm":49408,"minecraft:talked_to_villager":2,"minecraft:fly_one_cm":222733,"minecraft:open_chest":14,"minecraft:crouch_one_cm":50984,"minecraft:play_time":98313,"minecraft:deaths":3,"minecraft:sneak_time":13611,"minecraft:walk_under_water_one_cm":12643,"minecraft:jump":1666,"minecraft:interact_with_smoker":5,"minecraft:walk_on_water_one_cm":29057,"minecraft:total_world_time":98313,"minecraft:fall_one_cm":38547},"minecraft:picked_up":{"minecraft:magma_block":3,"minecraft:cooked_beef":4,"minecraft:flower_pot":1,"minecraft:leather":1,"minecraft:fern":1,"minecraft:smoker":2,"minecraft:gold_block":1,"anthropology_items__structures:hunters_machete":1,"minecraft:white_banner":3,"minecraft:dirt":26,"minecraft:blue_bed":4,"minecraft:lantern":8,"minecraft:cooked_mutton":1,"minecraft:white_carpet":3,"minecraft:red_carpet":15,"minecraft:apple":5,"minecraft:stone_bricks":6,"minecraft:cracked_stone_bricks":1,"minecraft:wheat_seeds":2,"minecraft:spruce_planks":4,"minecraft:beef":8,"minecraft:redstone_torch":1,"minecraft:mossy_stone_bricks":3,"minecraft:sugar_cane":6,"minecraft:oak_planks":2,"minecraft:dark_oak_sapling":6,"minecraft:stick":7,"minecraft:raw_iron":8,"minecraft:emerald_block":6,"minecraft:pumpkin":1,"minecraft:oak_fence":1,"minecraft:torch":6,"minecraft:sand":15,"minecraft:porkchop":4,"minecraft:spruce_sapling":1,"minecraft:diorite":1,"minecraft:carrot":2,"minecraft:spruce_log":6,"minecraft:mossy_cobblestone":13,"minecraft:rotten_flesh":1,"minecraft:netherrack":2,"minecraft:oak_sapling":1,"minecraft:mutton":5,"minecraft:dark_oak_wood":1,"minecraft:dark_oak_fence":1,"minecraft:coal":82,"minecraft:white_wool":3,"minecraft:cobblestone":94}},"DataVersion":3120}