{"stats":{"minecraft:crafted":{"minecraft:wooden_sword":1,"minecraft:crafting_table":2,"minecraft:spruce_planks":52,"minecraft:stick":8,"minecraft:wooden_pickaxe":1,"minecraft:stone_pickaxe":1,"minecraft:wooden_axe":1,"minecraft:stone_sword":1,"minecraft:spruce_door":3,"minecraft:stone_axe":1},"minecraft:dropped":{"minecraft:rotten_flesh":1},"minecraft:mined":{"minecraft:light_gray_carpet":2,"minecraft:spruce_log":20,"minecraft:grass":2,"minecraft:grass_block":1,"minecraft:chest":1,"minecraft:spruce_leaves":7,"minecraft:stone":55,"minecraft:stone_bricks":1,"minecraft:wall_torch":1},"minecraft:used":{"minecraft:wooden_axe":16,"minecraft:spruce_door":1,"minecraft:ladder":1,"minecraft:light_gray_carpet":1,"minecraft:chest":1,"minecraft:wooden_pickaxe":58,"minecraft:spruce_sapling":1,"minecraft:stone_bricks":1,"minecraft:torch":1,"minecraft:golden_apple":1,"minecraft:dirt":1,"minecraft:wooden_sword":1,"minecraft:crafting_table":1},"minecraft:picked_up":{"minecraft:stick":2,"minecraft:ladder":1,"minecraft:torch":1,"minecraft:spruce_sapling":1,"minecraft:spruce_log":19,"minecraft:dirt":1,"minecraft:rotten_flesh":1,"minecraft:stone_bricks":1,"minecraft:gold_nugget":3,"minecraft:light_gray_carpet":2,"minecraft:chest":1,"minecraft:cobblestone":55},"minecraft:custom":{"minecraft:time_since_rest":1022,"minecraft:interact_with_furnace":1,"minecraft:sprint_one_cm":37540,"minecraft:damage_taken":90,"minecraft:walk_one_cm":52523,"minecraft:drop":1,"minecraft:interact_with_crafting_table":4,"minecraft:fly_one_cm":24338,"minecraft:open_chest":6,"minecraft:crouch_one_cm":101,"minecraft:play_time":19379,"minecraft:sneak_time":48,"minecraft:jump":172,"minecraft:interact_with_brewingstand":1,"minecraft:leave_game":1,"minecraft:time_since_death":19379,"minecraft:sleep_in_bed":4,"minecraft:climb_one_cm":6715,"minecraft:total_world_time":19379,"minecraft:fall_one_cm":3375}},"DataVersion":3120}