{"stats":{"minecraft:crafted":{"minecraft:wooden_sword":1,"minecraft:stone_shovel":1,"minecraft:stone_pickaxe":3,"minecraft:cooked_beef":6,"minecraft:crafting_table":4,"minecraft:spruce_planks":52,"minecraft:wooden_pickaxe":1,"minecraft:spruce_door":9,"minecraft:stone_axe":1,"minecraft:stick":16,"minecraft:wooden_axe":1,"minecraft:stone_sword":1,"minecraft:torch":4},"minecraft:broken":{"minecraft:stone_pickaxe":1},"minecraft:killed":{"minecraft:chicken":5,"minecraft:drowned":1,"minecraft:pig":11,"minecraft:cow":4},"minecraft:mined":{"minecraft:mossy_cobblestone":27,"minecraft:sea_lantern":1,"minecraft:shulker_box":1,"minecraft:spruce_fence":3,"minecraft:grass_block":34,"minecraft:redstone_wire":2,"minecraft:spruce_leaves":17,"minecraft:moss_block":1,"minecraft:tall_seagrass":1,"minecraft:mossy_cobblestone_slab":11,"minecraft:furnace":3,"minecraft:mossy_cobblestone_stairs":10,"minecraft:moss_carpet":1,"minecraft:lantern":1,"minecraft:stone":226,"minecraft:spruce_slab":1,"minecraft:tripwire":2,"minecraft:redstone_wall_torch":1,"minecraft:light_gray_carpet":2,"minecraft:spruce_door":1,"minecraft:polished_granite":2,"minecraft:oak_fence":2,"minecraft:crafting_table":2,"minecraft:chest":3,"minecraft:tall_grass":4,"minecraft:copper_ore":1,"minecraft:cobblestone":7,"minecraft:sugar_cane":1,"minecraft:blue_bed":4,"minecraft:wall_torch":9,"minecraft:spruce_stairs":4,"minecraft:ice":2,"minecraft:spruce_log":32,"minecraft:tnt":8,"minecraft:stone_brick_stairs":1,"minecraft:grass":10,"minecraft:coal_ore":1,"minecraft:sand":34,"minecraft:dirt":130,"minecraft:cracked_stone_bricks":3,"minecraft:tripwire_hook":1,"minecraft:stone_bricks":16,"minecraft:netherrack":4,"minecraft:mossy_stone_bricks":3,"minecraft:oak_leaves":1},"minecraft:used":{"minecraft:moss_carpet":1,"minecraft:stone_sword":52,"minecraft:spruce_slab":1,"minecraft:stone_shovel":128,"minecraft:ladder":1,"minecraft:light_gray_carpet":1,"minecraft:chest":3,"minecraft:torch":14,"minecraft:dirt":18,"minecraft:spyglass":40,"minecraft:shulker_box":1,"minecraft:wooden_axe":16,"minecraft:lantern":1,"minecraft:stone_bricks":10,"minecraft:furnace":3,"minecraft:cooked_beef":3,"minecraft:cooked_mutton":7,"minecraft:mossy_stone_bricks":3,"minecraft:spruce_door":9,"minecraft:stone_pickaxe":288,"minecraft:wooden_pickaxe":58,"minecraft:blue_bed":4,"minecraft:cracked_stone_bricks":3,"minecraft:golden_apple":1,"anthropology_items__structures:hunters_machete":19,"minecraft:mossy_cobblestone":5,"minecraft:sand":4,"minecraft:crafting_table":6,"minecraft:leather_helmet":1,"minecraft:spruce_sapling":3,"minecraft:stone_axe":37,"minecraft:wooden_sword":1,"minecraft:cobblestone":98,"minecraft:cooked_porkchop":5},"minecraft:dropped":{"minecraft:bread":1,"minecraft:wheat_seeds":1,"minecraft:mossy_cobblestone":7,"minecraft:feather":1,"minecraft:cobblestone":46,"minecraft:black_banner":1,"minecraft:dirt":10,"minecraft:mossy_cobblestone_slab":2,"minecraft:mossy_cobblestone_stairs":4,"minecraft:string":1,"minecraft:tripwire_hook":2,"minecraft:rotten_flesh":1,"minecraft:cooked_mutton":1,"minecraft:spruce_planks":2,"minecraft:stone_pickaxe":1,"minecraft:stone_brick_stairs":1},"minecraft:custom":{"minecraft:mob_kills":21,"minecraft:interact_with_crafting_table":13,"minecraft:open_barrel":5,"minecraft:open_shulker_box":1,"minecraft:interact_with_campfire":4,"minecraft:leave_game":1,"minecraft:time_since_death":26509,"minecraft:climb_one_cm":9077,"minecraft:sprint_one_cm":425318,"minecraft:walk_one_cm":258757,"minecraft:drop":17,"minecraft:play_time":109379,"minecraft:deaths":1,"minecraft:sneak_time":537,"minecraft:walk_under_water_one_cm":6299,"minecraft:jump":1260,"minecraft:interact_with_brewingstand":1,"minecraft:walk_on_water_one_cm":35404,"minecraft:total_world_time":109379,"minecraft:interact_with_furnace":6,"minecraft:interact_with_grindstone":1,"minecraft:sleep_in_bed":10,"minecraft:time_since_rest":4790,"minecraft:damage_taken":1592,"minecraft:damage_dealt":2668,"minecraft:fly_one_cm":163078,"minecraft:swim_one_cm":42359,"minecraft:open_chest":22,"minecraft:crouch_one_cm":566,"minecraft:fall_one_cm":25312},"minecraft:picked_up":{"minecraft:wooden_axe":1,"minecraft:crafting_table":2,"minecraft:chicken":4,"minecraft:ladder":1,"minecraft:wooden_pickaxe":1,"minecraft:stone_brick_stairs":2,"minecraft:string":3,"minecraft:moss_carpet":2,"minecraft:raw_copper":6,"minecraft:wooden_sword":1,"minecraft:cracked_stone_bricks":3,"minecraft:gold_nugget":9,"minecraft:spruce_planks":2,"minecraft:beef":7,"minecraft:redstone_torch":1,"minecraft:iron_pickaxe":1,"minecraft:spruce_slab":1,"minecraft:sugar_cane":8,"minecraft:chest":3,"minecraft:furnace":4,"minecraft:stick":2,"minecraft:oak_fence":4,"minecraft:torch":8,"minecraft:spruce_stairs":4,"minecraft:spruce_fence":1,"minecraft:porkchop":21,"minecraft:redstone":4,"minecraft:tnt":8,"minecraft:rotten_flesh":1,"minecraft:black_banner":1,"minecraft:mutton":4,"minecraft:cobblestone":231,"minecraft:mossy_cobblestone_slab":20,"minecraft:feather":5,"minecraft:tripwire_hook":2,"minecraft:leather":5,"minecraft:blue_bed":5,"minecraft:dirt":161,"minecraft:lantern":1,"minecraft:cooked_mutton":8,"minecraft:stone_bricks":15,"minecraft:wheat_seeds":2,"minecraft:mossy_stone_bricks":3,"minecraft:moss_block":2,"minecraft:cooked_porkchop":5,"minecraft:sand":26,"minecraft:spruce_sapling":3,"minecraft:spruce_log":30,"minecraft:spruce_door":2,"minecraft:shulker_box":1,"minecraft:mossy_cobblestone":24,"minecraft:mossy_cobblestone_stairs":16,"minecraft:light_gray_carpet":3,"minecraft:coal":22}},"DataVersion":3120}