{"stats":{"minecraft:crafted":{"minecraft:wooden_sword":1,"minecraft:crafting_table":2,"minecraft:spruce_planks":52,"minecraft:wooden_pickaxe":1,"minecraft:spruce_door":6,"minecraft:stone_axe":1,"minecraft:stick":16,"minecraft:stone_pickaxe":3,"minecraft:wooden_axe":1,"minecraft:stone_sword":1,"minecraft:torch":4},"minecraft:broken":{"minecraft:stone_pickaxe":1},"minecraft:killed":{"minecraft:pig":3},"minecraft:mined":{"minecraft:light_gray_carpet":2,"minecraft:mossy_cobblestone":11,"minecraft:spruce_door":1,"minecraft:oak_fence":2,"minecraft:crafting_table":2,"minecraft:grass_block":27,"minecraft:chest":3,"minecraft:copper_ore":1,"minecraft:tall_grass":1,"minecraft:spruce_leaves":16,"minecraft:moss_block":1,"minecraft:sugar_cane":1,"minecraft:wall_torch":5,"minecraft:blue_bed":2,"minecraft:spruce_stairs":4,"minecraft:mossy_cobblestone_slab":9,"minecraft:furnace":2,"minecraft:mossy_cobblestone_stairs":6,"minecraft:ice":2,"minecraft:spruce_log":32,"minecraft:moss_carpet":1,"minecraft:grass":5,"minecraft:dirt":4,"minecraft:tripwire_hook":1,"minecraft:stone_bricks":1,"minecraft:stone":198,"minecraft:tripwire":1},"minecraft:dropped":{"minecraft:bread":1,"minecraft:rotten_flesh":1,"minecraft:cooked_mutton":1,"minecraft:stone_pickaxe":1},"minecraft:used":{"minecraft:cooked_mutton":3,"minecraft:moss_carpet":1,"minecraft:stone_sword":13,"minecraft:spruce_door":6,"minecraft:stone_pickaxe":181,"minecraft:ladder":1,"minecraft:light_gray_carpet":1,"minecraft:chest":2,"minecraft:wooden_pickaxe":58,"minecraft:blue_bed":1,"minecraft:torch":7,"minecraft:golden_apple":1,"minecraft:dirt":18,"minecraft:crafting_table":2,"minecraft:wooden_axe":16,"minecraft:spruce_sapling":3,"minecraft:stone_bricks":1,"minecraft:stone_axe":33,"minecraft:wooden_sword":1,"minecraft:cobblestone":7,"minecraft:furnace":1},"minecraft:custom":{"minecraft:interact_with_furnace":3,"minecraft:mob_kills":3,"minecraft:interact_with_crafting_table":9,"minecraft:interact_with_campfire":4,"minecraft:leave_game":1,"minecraft:time_since_death":43379,"minecraft:sleep_in_bed":4,"minecraft:climb_one_cm":6715,"minecraft:time_since_rest":25022,"minecraft:sprint_one_cm":57346,"minecraft:damage_taken":163,"minecraft:walk_one_cm":152216,"minecraft:drop":4,"minecraft:damage_dealt":410,"minecraft:fly_one_cm":42468,"minecraft:open_chest":13,"minecraft:crouch_one_cm":139,"minecraft:play_time":43379,"minecraft:sneak_time":89,"minecraft:jump":427,"minecraft:interact_with_brewingstand":1,"minecraft:walk_on_water_one_cm":6461,"minecraft:total_world_time":43379,"minecraft:fall_one_cm":6808},"minecraft:picked_up":{"minecraft:wooden_axe":1,"minecraft:crafting_table":2,"minecraft:mossy_cobblestone_slab":18,"minecraft:ladder":1,"minecraft:wooden_pickaxe":1,"minecraft:dirt":30,"minecraft:blue_bed":2,"minecraft:string":2,"minecraft:moss_carpet":1,"minecraft:raw_copper":6,"minecraft:wooden_sword":1,"minecraft:cooked_mutton":8,"minecraft:stone_bricks":1,"minecraft:wheat_seeds":1,"minecraft:gold_nugget":9,"minecraft:moss_block":2,"minecraft:sugar_cane":8,"minecraft:chest":3,"minecraft:furnace":2,"minecraft:stick":2,"minecraft:cooked_porkchop":5,"minecraft:oak_fence":4,"minecraft:torch":5,"minecraft:spruce_stairs":4,"minecraft:porkchop":5,"minecraft:spruce_sapling":3,"minecraft:spruce_log":30,"minecraft:redstone":2,"minecraft:spruce_door":2,"minecraft:mossy_cobblestone":12,"minecraft:rotten_flesh":1,"minecraft:mossy_cobblestone_stairs":12,"minecraft:light_gray_carpet":3,"minecraft:mutton":4,"minecraft:coal":2,"minecraft:cobblestone":211}},"DataVersion":3120}