{"stats":{"minecraft:crafted":{"minecraft:wooden_sword":1,"minecraft:crafting_table":2,"minecraft:spruce_planks":52,"minecraft:wooden_pickaxe":1,"minecraft:spruce_door":6,"minecraft:stone_axe":1,"minecraft:stick":16,"minecraft:stone_pickaxe":3,"minecraft:wooden_axe":1,"minecraft:stone_sword":1,"minecraft:torch":4},"minecraft:broken":{"minecraft:stone_pickaxe":1},"minecraft:killed":{"minecraft:pig":11},"minecraft:mined":{"minecraft:light_gray_carpet":2,"minecraft:mossy_cobblestone":13,"minecraft:spruce_door":1,"minecraft:oak_fence":2,"minecraft:crafting_table":2,"minecraft:grass_block":27,"minecraft:spruce_fence":1,"minecraft:chest":3,"minecraft:copper_ore":1,"minecraft:tall_grass":1,"minecraft:cobblestone":2,"minecraft:spruce_leaves":17,"minecraft:moss_block":1,"minecraft:sugar_cane":1,"minecraft:wall_torch":9,"minecraft:blue_bed":3,"minecraft:spruce_stairs":4,"minecraft:mossy_cobblestone_slab":9,"minecraft:furnace":3,"minecraft:mossy_cobblestone_stairs":6,"minecraft:ice":2,"minecraft:spruce_log":32,"minecraft:moss_carpet":1,"minecraft:stone_brick_stairs":1,"minecraft:grass":5,"minecraft:lantern":1,"minecraft:dirt":4,"minecraft:cracked_stone_bricks":3,"minecraft:tripwire_hook":1,"minecraft:stone_bricks":16,"minecraft:stone":198,"minecraft:mossy_stone_bricks":3,"minecraft:oak_leaves":1,"minecraft:spruce_slab":1,"minecraft:redstone_wall_torch":1,"minecraft:tripwire":1},"minecraft:dropped":{"minecraft:bread":1,"minecraft:cobblestone":42,"minecraft:rotten_flesh":1,"minecraft:cooked_mutton":1,"minecraft:stone_pickaxe":1},"minecraft:used":{"minecraft:mossy_stone_bricks":3,"minecraft:cooked_mutton":7,"minecraft:moss_carpet":1,"minecraft:stone_sword":28,"minecraft:spruce_door":6,"minecraft:spruce_slab":1,"minecraft:stone_pickaxe":209,"minecraft:ladder":1,"minecraft:light_gray_carpet":1,"minecraft:chest":3,"minecraft:wooden_pickaxe":58,"minecraft:blue_bed":2,"minecraft:cracked_stone_bricks":3,"minecraft:torch":10,"minecraft:golden_apple":1,"anthropology_items__structures:hunters_machete":5,"minecraft:dirt":18,"minecraft:spyglass":21,"minecraft:crafting_table":2,"minecraft:wooden_axe":16,"minecraft:lantern":1,"minecraft:leather_helmet":1,"minecraft:spruce_sapling":3,"minecraft:stone_bricks":10,"minecraft:stone_axe":35,"minecraft:wooden_sword":1,"minecraft:cobblestone":32,"minecraft:furnace":2},"minecraft:custom":{"minecraft:interact_with_furnace":5,"minecraft:mob_kills":11,"minecraft:interact_with_crafting_table":9,"minecraft:open_barrel":5,"minecraft:interact_with_campfire":4,"minecraft:interact_with_grindstone":1,"minecraft:leave_game":1,"minecraft:time_since_death":67379,"minecraft:sleep_in_bed":6,"minecraft:climb_one_cm":7141,"minecraft:time_since_rest":7838,"minecraft:sprint_one_cm":205131,"minecraft:damage_taken":398,"minecraft:walk_one_cm":202531,"minecraft:drop":5,"minecraft:damage_dealt":1220,"minecraft:swim_one_cm":400,"minecraft:fly_one_cm":70645,"minecraft:open_chest":17,"minecraft:crouch_one_cm":401,"minecraft:play_time":67379,"minecraft:sneak_time":292,"minecraft:walk_under_water_one_cm":171,"minecraft:jump":697,"minecraft:interact_with_brewingstand":1,"minecraft:walk_on_water_one_cm":11076,"minecraft:total_world_time":67379,"minecraft:fall_one_cm":13070},"minecraft:picked_up":{"minecraft:wooden_axe":1,"minecraft:crafting_table":2,"minecraft:mossy_cobblestone_slab":18,"minecraft:ladder":1,"minecraft:wooden_pickaxe":1,"minecraft:stone_brick_stairs":1,"minecraft:dirt":30,"minecraft:blue_bed":3,"minecraft:string":2,"minecraft:lantern":1,"minecraft:moss_carpet":1,"minecraft:raw_copper":6,"minecraft:wooden_sword":1,"minecraft:cooked_mutton":8,"minecraft:stone_bricks":15,"minecraft:cracked_stone_bricks":3,"minecraft:wheat_seeds":1,"minecraft:gold_nugget":9,"minecraft:redstone_torch":1,"minecraft:spruce_slab":1,"minecraft:mossy_stone_bricks":3,"minecraft:moss_block":2,"minecraft:sugar_cane":8,"minecraft:chest":3,"minecraft:furnace":3,"minecraft:stick":2,"minecraft:cooked_porkchop":5,"minecraft:oak_fence":4,"minecraft:torch":8,"minecraft:spruce_stairs":4,"minecraft:porkchop":18,"minecraft:spruce_sapling":3,"minecraft:spruce_log":30,"minecraft:redstone":2,"minecraft:spruce_door":2,"minecraft:mossy_cobblestone":12,"minecraft:rotten_flesh":1,"minecraft:mossy_cobblestone_stairs":12,"minecraft:light_gray_carpet":3,"minecraft:mutton":4,"minecraft:coal":21,"minecraft:cobblestone":213}},"DataVersion":3120}