{"stats":{"minecraft:picked_up":{"minecraft:stick":2,"minecraft:ladder":1,"minecraft:stone_bricks":1,"minecraft:spruce_log":7,"minecraft:light_gray_carpet":2,"minecraft:dirt":1},"minecraft:mined":{"minecraft:grass":2,"minecraft:grass_block":1,"minecraft:light_gray_carpet":2,"minecraft:spruce_leaves":4,"minecraft:spruce_log":8,"minecraft:stone_bricks":1},"minecraft:custom":{"minecraft:crouch_one_cm":101,"minecraft:time_since_rest":4820,"minecraft:play_time":7984,"minecraft:interact_with_furnace":1,"minecraft:sprint_one_cm":14871,"minecraft:damage_taken":20,"minecraft:walk_one_cm":19893,"minecraft:sneak_time":48,"minecraft:jump":63,"minecraft:interact_with_brewingstand":1,"minecraft:leave_game":1,"minecraft:climb_one_cm":4034,"minecraft:time_since_death":7984,"minecraft:sleep_in_bed":1,"minecraft:total_world_time":7984,"minecraft:interact_with_crafting_table":2,"minecraft:fall_one_cm":1378,"minecraft:fly_one_cm":10383,"minecraft:open_chest":1},"minecraft:used":{"minecraft:stone_bricks":1,"minecraft:wooden_sword":1,"minecraft:dirt":1,"minecraft:spruce_door":1,"minecraft:ladder":1,"minecraft:light_gray_carpet":1,"minecraft:wooden_pickaxe":3},"minecraft:crafted":{"minecraft:wooden_sword":1,"minecraft:spruce_door":3,"minecraft:spruce_planks":28,"minecraft:stick":8,"minecraft:wooden_pickaxe":1,"minecraft:wooden_axe":1}},"DataVersion":3120}