{"stats":{"minecraft:crafted":{"minecraft:wooden_sword":1,"minecraft:stone_shovel":1,"minecraft:stone_pickaxe":3,"minecraft:cooked_beef":6,"minecraft:crafting_table":5,"minecraft:spruce_planks":56,"minecraft:wooden_pickaxe":1,"minecraft:spruce_door":9,"minecraft:stone_axe":1,"minecraft:stick":16,"minecraft:wooden_axe":1,"minecraft:stone_sword":1,"minecraft:torch":4},"minecraft:broken":{"minecraft:leather_helmet":1,"minecraft:stone_pickaxe":2,"minecraft:stone_shovel":1},"minecraft:killed":{"minecraft:chicken":5,"minecraft:silverfish":20,"minecraft:drowned":1,"minecraft:pig":11,"minecraft:pillager":2,"minecraft:cow":4},"minecraft:mined":{"minecraft:spruce_planks":4,"minecraft:quartz_stairs":15,"minecraft:mossy_cobblestone":27,"minecraft:sea_lantern":1,"minecraft:shulker_box":3,"minecraft:dark_oak_fence":2,"minecraft:spruce_fence":3,"minecraft:grass_block":34,"minecraft:jungle_planks":2,"minecraft:redstone_wire":2,"minecraft:spruce_leaves":17,"minecraft:moss_block":1,"minecraft:sandstone":82,"minecraft:sandstone_stairs":2,"minecraft:tall_seagrass":1,"minecraft:mossy_cobblestone_slab":11,"minecraft:furnace":3,"minecraft:mossy_cobblestone_stairs":10,"minecraft:chiseled_sandstone":1,"minecraft:andesite":6,"minecraft:moss_carpet":1,"minecraft:iron_bars":4,"minecraft:lantern":1,"minecraft:stone":286,"minecraft:spruce_slab":1,"minecraft:tripwire":2,"minecraft:redstone_wall_torch":1,"minecraft:light_gray_carpet":2,"minecraft:orange_terracotta":2,"minecraft:spruce_door":1,"minecraft:polished_granite":2,"minecraft:oak_fence":2,"minecraft:crafting_table":2,"minecraft:jungle_stairs":2,"minecraft:chest":3,"minecraft:tall_grass":4,"minecraft:copper_ore":1,"minecraft:cobblestone":7,"minecraft:sugar_cane":1,"minecraft:blue_bed":4,"minecraft:wall_torch":10,"minecraft:spruce_stairs":4,"minecraft:ice":2,"minecraft:spruce_log":32,"minecraft:tnt":9,"minecraft:stone_brick_stairs":1,"minecraft:grass":10,"minecraft:coal_ore":31,"minecraft:sand":50,"minecraft:dirt":130,"minecraft:cracked_stone_bricks":3,"minecraft:tripwire_hook":1,"minecraft:stone_bricks":16,"minecraft:netherrack":4,"minecraft:mossy_stone_bricks":3,"minecraft:oak_leaves":1,"minecraft:infested_stone":6},"minecraft:used":{"minecraft:moss_carpet":1,"minecraft:stone_sword":106,"minecraft:spruce_slab":1,"minecraft:stone_shovel":132,"minecraft:ladder":1,"minecraft:light_gray_carpet":1,"minecraft:chest":3,"minecraft:torch":31,"minecraft:dirt":18,"minecraft:spyglass":54,"minecraft:shulker_box":3,"minecraft:wooden_axe":16,"minecraft:lantern":1,"minecraft:stone_bricks":10,"minecraft:furnace":4,"minecraft:cooked_beef":6,"minecraft:orange_terracotta":2,"minecraft:cooked_mutton":7,"minecraft:mossy_stone_bricks":3,"minecraft:spruce_door":9,"minecraft:stone_pickaxe":321,"minecraft:wooden_pickaxe":58,"minecraft:sandstone":17,"minecraft:blue_bed":4,"minecraft:cracked_stone_bricks":3,"minecraft:golden_apple":2,"anthropology_items__structures:hunters_machete":26,"minecraft:mossy_cobblestone":5,"minecraft:sand":4,"minecraft:crafting_table":7,"minecraft:bread":1,"minecraft:iron_pickaxe":184,"minecraft:leather_helmet":1,"minecraft:spruce_sapling":3,"minecraft:stone_axe":48,"minecraft:wooden_sword":1,"minecraft:cobblestone":114,"minecraft:cooked_porkchop":5},"minecraft:dropped":{"minecraft:bread":1,"minecraft:wheat_seeds":1,"minecraft:tnt":8,"minecraft:mossy_cobblestone":7,"minecraft:sandstone_stairs":3,"minecraft:feather":1,"minecraft:cobblestone":46,"minecraft:iron_horse_armor":1,"minecraft:activator_rail":26,"minecraft:black_banner":1,"minecraft:cod":13,"minecraft:stick":1,"minecraft:dirt":10,"minecraft:mossy_cobblestone_slab":2,"minecraft:cut_sandstone":1,"minecraft:writable_book":2,"minecraft:sand":1,"minecraft:mossy_cobblestone_stairs":4,"minecraft:string":1,"minecraft:tripwire_hook":2,"minecraft:chiseled_sandstone":1,"minecraft:moss_carpet":1,"minecraft:rotten_flesh":1,"minecraft:cooked_mutton":1,"minecraft:spruce_planks":2,"minecraft:beetroot_seeds":27,"minecraft:melon_seeds":24,"minecraft:quartz_stairs":10,"minecraft:redstone_torch":1,"minecraft:sandstone":37,"minecraft:iron_bars":4,"minecraft:stone_pickaxe":1,"minecraft:stone_brick_stairs":1},"minecraft:killed_by":{"minecraft:creeper":1,"minecraft:iron_golem":1,"minecraft:zombie":1},"minecraft:custom":{"minecraft:mob_kills":38,"minecraft:interact_with_crafting_table":14,"minecraft:open_barrel":12,"minecraft:open_shulker_box":3,"minecraft:interact_with_campfire":4,"minecraft:leave_game":1,"minecraft:time_since_death":7730,"minecraft:climb_one_cm":9077,"minecraft:sprint_one_cm":603961,"minecraft:walk_one_cm":305615,"minecraft:drop":35,"minecraft:play_time":145379,"minecraft:deaths":4,"minecraft:sneak_time":583,"minecraft:walk_under_water_one_cm":6823,"minecraft:jump":1900,"minecraft:interact_with_brewingstand":1,"minecraft:walk_on_water_one_cm":48459,"minecraft:total_world_time":145379,"minecraft:interact_with_furnace":8,"minecraft:interact_with_grindstone":1,"minecraft:sleep_in_bed":10,"minecraft:time_since_rest":7762,"minecraft:damage_taken":3739,"minecraft:damage_absorbed":40,"minecraft:damage_dealt":4593,"minecraft:fly_one_cm":307076,"minecraft:swim_one_cm":50316,"minecraft:open_chest":31,"minecraft:crouch_one_cm":566,"minecraft:fall_one_cm":46901},"minecraft:picked_up":{"minecraft:wooden_axe":1,"minecraft:crafting_table":2,"minecraft:chicken":18,"minecraft:ladder":1,"minecraft:chest_minecart":10,"minecraft:wooden_pickaxe":1,"minecraft:stone_brick_stairs":2,"minecraft:string":5,"minecraft:moss_carpet":2,"minecraft:raw_copper":6,"minecraft:wooden_sword":1,"minecraft:activator_rail":26,"minecraft:cracked_stone_bricks":3,"minecraft:gold_nugget":9,"minecraft:spruce_planks":2,"minecraft:beef":7,"minecraft:redstone_torch":1,"minecraft:iron_pickaxe":1,"minecraft:spruce_slab":1,"minecraft:quartz_stairs":10,"minecraft:sugar_cane":8,"minecraft:chest":3,"minecraft:furnace":4,"minecraft:sandstone":111,"minecraft:stick":2,"minecraft:oak_fence":4,"minecraft:torch":70,"minecraft:spruce_stairs":4,"minecraft:spruce_fence":1,"minecraft:porkchop":21,"minecraft:redstone":4,"minecraft:stone_pressure_plate":1,"minecraft:tnt":8,"minecraft:rotten_flesh":1,"minecraft:beetroot_seeds":27,"minecraft:sandstone_stairs":3,"minecraft:black_banner":1,"minecraft:glow_berries":15,"minecraft:cod":13,"minecraft:mutton":26,"minecraft:iron_bars":4,"minecraft:rail":64,"minecraft:cobblestone":283,"minecraft:mossy_cobblestone_slab":20,"minecraft:feather":5,"minecraft:glow_ink_sac":21,"minecraft:tripwire_hook":2,"minecraft:salmon":4,"minecraft:cut_sandstone":1,"minecraft:leather":5,"minecraft:lapis_lazuli":26,"minecraft:blue_bed":5,"minecraft:dirt":161,"minecraft:lantern":1,"minecraft:orange_terracotta":2,"minecraft:cooked_mutton":8,"minecraft:stone_bricks":15,"minecraft:wheat_seeds":2,"minecraft:rabbit_hide":2,"minecraft:mossy_stone_bricks":3,"minecraft:moss_block":2,"minecraft:cooked_porkchop":5,"minecraft:gravel":14,"minecraft:sand":39,"minecraft:spruce_sapling":3,"minecraft:spruce_log":30,"minecraft:chiseled_sandstone":1,"minecraft:spruce_door":2,"minecraft:shulker_box":3,"minecraft:mossy_cobblestone":24,"minecraft:diamond":2,"minecraft:stone_axe":1,"minecraft:bone_meal":1,"minecraft:mossy_cobblestone_stairs":16,"minecraft:bread":24,"minecraft:light_gray_carpet":3,"minecraft:melon_seeds":24,"minecraft:dark_oak_fence":2,"minecraft:coal":51}},"DataVersion":3120}