{"stats":{"minecraft:crafted":{"minecraft:wooden_sword":1,"minecraft:crafting_table":2,"minecraft:spruce_planks":52,"minecraft:wooden_pickaxe":1,"minecraft:spruce_door":3,"minecraft:stone_axe":1,"minecraft:stick":8,"minecraft:stone_pickaxe":1,"minecraft:wooden_axe":1,"minecraft:stone_sword":1},"minecraft:killed":{"minecraft:pig":3},"minecraft:used":{"minecraft:stone_sword":13,"minecraft:spruce_door":1,"minecraft:stone_pickaxe":40,"minecraft:ladder":1,"minecraft:light_gray_carpet":1,"minecraft:chest":1,"minecraft:wooden_pickaxe":58,"minecraft:torch":1,"minecraft:golden_apple":1,"minecraft:dirt":18,"minecraft:crafting_table":1,"minecraft:wooden_axe":16,"minecraft:spruce_sapling":3,"minecraft:stone_bricks":1,"minecraft:stone_axe":28,"minecraft:wooden_sword":1},"minecraft:mined":{"minecraft:light_gray_carpet":2,"minecraft:mossy_cobblestone":11,"minecraft:crafting_table":1,"minecraft:grass_block":26,"minecraft:chest":2,"minecraft:tall_grass":1,"minecraft:spruce_leaves":16,"minecraft:sugar_cane":1,"minecraft:wall_torch":1,"minecraft:blue_bed":1,"minecraft:spruce_stairs":4,"minecraft:mossy_cobblestone_slab":9,"minecraft:furnace":1,"minecraft:mossy_cobblestone_stairs":6,"minecraft:ice":2,"minecraft:spruce_log":32,"minecraft:grass":5,"minecraft:dirt":3,"minecraft:tripwire_hook":1,"minecraft:stone_bricks":1,"minecraft:stone":66,"minecraft:tripwire":1},"minecraft:dropped":{"minecraft:bread":1,"minecraft:rotten_flesh":1},"minecraft:custom":{"minecraft:interact_with_furnace":1,"minecraft:mob_kills":3,"minecraft:interact_with_crafting_table":4,"minecraft:leave_game":1,"minecraft:time_since_death":31379,"minecraft:sleep_in_bed":4,"minecraft:climb_one_cm":6715,"minecraft:time_since_rest":13022,"minecraft:sprint_one_cm":57176,"minecraft:damage_taken":125,"minecraft:walk_one_cm":119045,"minecraft:drop":2,"minecraft:damage_dealt":380,"minecraft:fly_one_cm":42388,"minecraft:open_chest":11,"minecraft:crouch_one_cm":139,"minecraft:play_time":31379,"minecraft:sneak_time":89,"minecraft:jump":380,"minecraft:interact_with_brewingstand":1,"minecraft:walk_on_water_one_cm":6461,"minecraft:total_world_time":31379,"minecraft:fall_one_cm":6808},"minecraft:picked_up":{"minecraft:crafting_table":1,"minecraft:mossy_cobblestone_slab":9,"minecraft:ladder":1,"minecraft:dirt":28,"minecraft:blue_bed":1,"minecraft:string":1,"minecraft:stone_bricks":1,"minecraft:wheat_seeds":1,"minecraft:gold_nugget":6,"minecraft:sugar_cane":4,"minecraft:chest":2,"minecraft:furnace":1,"minecraft:stick":2,"minecraft:torch":1,"minecraft:spruce_stairs":2,"minecraft:porkchop":5,"minecraft:spruce_sapling":3,"minecraft:spruce_log":30,"minecraft:redstone":1,"minecraft:mossy_cobblestone":6,"minecraft:rotten_flesh":1,"minecraft:mossy_cobblestone_stairs":6,"minecraft:light_gray_carpet":3,"minecraft:mutton":4,"minecraft:cobblestone":65}},"DataVersion":3120}