{"stats":{"minecraft:crafted":{"minecraft:wooden_sword":1,"minecraft:stone_shovel":1,"minecraft:crafting_table":4,"minecraft:spruce_planks":52,"minecraft:wooden_pickaxe":1,"minecraft:spruce_door":9,"minecraft:stone_axe":1,"minecraft:stick":16,"minecraft:stone_pickaxe":3,"minecraft:wooden_axe":1,"minecraft:stone_sword":1,"minecraft:torch":4},"minecraft:broken":{"minecraft:stone_pickaxe":1},"minecraft:killed":{"minecraft:pig":11,"minecraft:chicken":1,"minecraft:drowned":1,"minecraft:cow":4},"minecraft:mined":{"minecraft:light_gray_carpet":2,"minecraft:mossy_cobblestone":27,"minecraft:spruce_door":1,"minecraft:polished_granite":2,"minecraft:sea_lantern":1,"minecraft:oak_fence":2,"minecraft:crafting_table":2,"minecraft:grass_block":32,"minecraft:spruce_fence":1,"minecraft:chest":3,"minecraft:redstone_wire":2,"minecraft:copper_ore":1,"minecraft:tall_grass":1,"minecraft:cobblestone":6,"minecraft:spruce_leaves":17,"minecraft:moss_block":1,"minecraft:sugar_cane":1,"minecraft:wall_torch":9,"minecraft:blue_bed":4,"minecraft:spruce_stairs":4,"minecraft:tall_seagrass":1,"minecraft:mossy_cobblestone_slab":11,"minecraft:furnace":3,"minecraft:mossy_cobblestone_stairs":10,"minecraft:ice":2,"minecraft:spruce_log":32,"minecraft:tnt":8,"minecraft:moss_carpet":1,"minecraft:stone_brick_stairs":1,"minecraft:grass":9,"minecraft:coal_ore":1,"minecraft:lantern":1,"minecraft:sand":34,"minecraft:dirt":127,"minecraft:cracked_stone_bricks":3,"minecraft:tripwire_hook":1,"minecraft:stone_bricks":16,"minecraft:stone":209,"minecraft:netherrack":4,"minecraft:mossy_stone_bricks":3,"minecraft:oak_leaves":1,"minecraft:spruce_slab":1,"minecraft:redstone_wall_torch":1,"minecraft:tripwire":2},"minecraft:dropped":{"minecraft:bread":1,"minecraft:cobblestone":42,"minecraft:rotten_flesh":1,"minecraft:cooked_mutton":1,"minecraft:stone_pickaxe":1},"minecraft:used":{"minecraft:mossy_stone_bricks":3,"minecraft:cooked_mutton":7,"minecraft:moss_carpet":1,"minecraft:stone_sword":48,"minecraft:spruce_door":9,"minecraft:stone_shovel":125,"minecraft:spruce_slab":1,"minecraft:stone_pickaxe":269,"minecraft:ladder":1,"minecraft:light_gray_carpet":1,"minecraft:chest":3,"minecraft:wooden_pickaxe":58,"minecraft:blue_bed":4,"minecraft:cracked_stone_bricks":3,"minecraft:torch":14,"minecraft:golden_apple":1,"minecraft:mossy_cobblestone":5,"anthropology_items__structures:hunters_machete":6,"minecraft:sand":4,"minecraft:dirt":18,"minecraft:spyglass":34,"minecraft:crafting_table":6,"minecraft:wooden_axe":16,"minecraft:lantern":1,"minecraft:leather_helmet":1,"minecraft:spruce_sapling":3,"minecraft:stone_bricks":10,"minecraft:stone_axe":35,"minecraft:wooden_sword":1,"minecraft:cobblestone":83,"minecraft:furnace":3,"minecraft:cooked_porkchop":5},"minecraft:custom":{"minecraft:interact_with_furnace":5,"minecraft:mob_kills":17,"minecraft:interact_with_crafting_table":13,"minecraft:open_barrel":5,"minecraft:interact_with_campfire":4,"minecraft:interact_with_grindstone":1,"minecraft:leave_game":1,"minecraft:time_since_death":14509,"minecraft:sleep_in_bed":8,"minecraft:climb_one_cm":8719,"minecraft:time_since_rest":449,"minecraft:sprint_one_cm":364851,"minecraft:damage_taken":1222,"minecraft:walk_one_cm":244082,"minecraft:drop":5,"minecraft:damage_dealt":2104,"minecraft:swim_one_cm":39904,"minecraft:fly_one_cm":127640,"minecraft:open_chest":22,"minecraft:crouch_one_cm":402,"minecraft:play_time":97379,"minecraft:deaths":1,"minecraft:sneak_time":500,"minecraft:walk_under_water_one_cm":5571,"minecraft:jump":1062,"minecraft:interact_with_brewingstand":1,"minecraft:walk_on_water_one_cm":32794,"minecraft:total_world_time":97379,"minecraft:fall_one_cm":20500},"minecraft:picked_up":{"minecraft:wooden_axe":1,"minecraft:feather":1,"minecraft:crafting_table":2,"minecraft:mossy_cobblestone_slab":20,"minecraft:chicken":1,"minecraft:ladder":1,"minecraft:tripwire_hook":2,"minecraft:leather":5,"minecraft:wooden_pickaxe":1,"minecraft:stone_brick_stairs":1,"minecraft:dirt":156,"minecraft:blue_bed":4,"minecraft:string":3,"minecraft:lantern":1,"minecraft:moss_carpet":1,"minecraft:raw_copper":6,"minecraft:wooden_sword":1,"minecraft:cooked_mutton":8,"minecraft:stone_bricks":15,"minecraft:cracked_stone_bricks":3,"minecraft:wheat_seeds":2,"minecraft:gold_nugget":9,"minecraft:beef":7,"minecraft:redstone_torch":1,"minecraft:spruce_slab":1,"minecraft:mossy_stone_bricks":3,"minecraft:moss_block":2,"minecraft:sugar_cane":8,"minecraft:chest":3,"minecraft:furnace":3,"minecraft:stick":2,"minecraft:cooked_porkchop":5,"minecraft:oak_fence":4,"minecraft:torch":8,"minecraft:spruce_stairs":4,"minecraft:porkchop":18,"minecraft:sand":26,"minecraft:spruce_sapling":3,"minecraft:spruce_log":30,"minecraft:redstone":4,"minecraft:spruce_door":2,"minecraft:mossy_cobblestone":24,"minecraft:tnt":8,"minecraft:rotten_flesh":1,"minecraft:mossy_cobblestone_stairs":16,"minecraft:black_banner":1,"minecraft:light_gray_carpet":3,"minecraft:mutton":4,"minecraft:coal":22,"minecraft:cobblestone":225}},"DataVersion":3120}