{"stats":{"minecraft:mined":{"minecraft:grass":1,"minecraft:grass_block":1,"minecraft:spruce_leaves":2,"minecraft:spruce_log":7,"minecraft:blue_bed":1},"minecraft:used":{"minecraft:rotten_flesh":3,"minecraft:dirt":7,"minecraft:snowball":16,"minecraft:blue_bed":1},"minecraft:picked_up":{"minecraft:rotten_flesh":3,"minecraft:spruce_log":7,"minecraft:dirt":1,"minecraft:snowball":16,"minecraft:blue_bed":1},"minecraft:custom":{"minecraft:time_since_rest":3467,"minecraft:crouch_one_cm":42,"minecraft:sprint_one_cm":100702,"minecraft:play_time":35100,"minecraft:damage_taken":75,"minecraft:walk_one_cm":60001,"minecraft:sneak_time":12,"minecraft:mob_kills":1,"minecraft:jump":176,"minecraft:damage_dealt":64,"minecraft:leave_game":1,"minecraft:time_since_death":35100,"minecraft:sleep_in_bed":4,"minecraft:total_world_time":35100,"minecraft:climb_one_cm":924,"minecraft:talked_to_villager":8,"minecraft:fly_one_cm":35552,"minecraft:fall_one_cm":1941}},"DataVersion":3120}