{"stats":{"minecraft:crafted":{"minecraft:crafting_table":1,"minecraft:spruce_planks":28,"minecraft:wooden_pickaxe":1,"minecraft:stone_axe":1,"minecraft:stick":8,"minecraft:stone_pickaxe":1,"minecraft:wooden_axe":1,"minecraft:torch":8},"minecraft:killed":{"minecraft:pig":1,"minecraft:sheep":11},"minecraft:dropped":{"minecraft:wheat_seeds":1,"anthropology_items__structures:hunters_machete":1,"minecraft:birch_sapling":1,"minecraft:white_carpet":1,"minecraft:cobblestone":4,"minecraft:stick":2,"minecraft:mutton":5,"minecraft:stone_pickaxe":1},"minecraft:mined":{"minecraft:spruce_planks":15,"minecraft:mossy_cobblestone":6,"minecraft:dark_oak_leaves":144,"minecraft:torch":2,"minecraft:dark_oak_wood":8,"minecraft:grass_block":3,"minecraft:redstone_wire":1,"minecraft:cobblestone":8,"minecraft:spruce_leaves":14,"minecraft:moss_block":1,"minecraft:wall_torch":2,"minecraft:blue_bed":10,"minecraft:large_fern":1,"minecraft:furnace":1,"minecraft:iron_ore":2,"minecraft:spruce_log":14,"minecraft:birch_leaves":1,"minecraft:moss_carpet":1,"minecraft:tnt":5,"minecraft:white_wall_banner":4,"minecraft:grass":11,"minecraft:coal_ore":15,"minecraft:dirt":2,"minecraft:stone":50,"minecraft:netherrack":1,"minecraft:tripwire":1},"minecraft:used":{"minecraft:moss_block":1,"minecraft:cooked_mutton":5,"minecraft:rabbit":1,"minecraft:stone_pickaxe":68,"minecraft:spruce_planks":22,"minecraft:wooden_pickaxe":24,"minecraft:blue_bed":9,"minecraft:rotten_flesh":3,"minecraft:torch":13,"minecraft:mossy_cobblestone":5,"minecraft:dirt":9,"minecraft:snowball":16,"minecraft:wooden_axe":37,"minecraft:bread":7,"minecraft:leather_helmet":1,"minecraft:spruce_sapling":3,"minecraft:stone_bricks":1,"minecraft:stone_axe":96,"minecraft:cobblestone":5,"minecraft:furnace":2,"minecraft:cooked_beef":1},"minecraft:custom":{"minecraft:interact_with_furnace":5,"minecraft:mob_kills":14,"minecraft:interact_with_crafting_table":2,"minecraft:open_barrel":6,"minecraft:interact_with_campfire":4,"minecraft:leave_game":1,"minecraft:time_since_death":113100,"minecraft:sleep_in_bed":16,"minecraft:climb_one_cm":3943,"minecraft:time_since_rest":10748,"minecraft:sprint_one_cm":317523,"minecraft:damage_taken":729,"minecraft:walk_one_cm":441802,"minecraft:drop":16,"minecraft:damage_dealt":1308,"minecraft:swim_one_cm":8817,"minecraft:talked_to_villager":8,"minecraft:fly_one_cm":99497,"minecraft:player_kills":1,"minecraft:open_chest":11,"minecraft:crouch_one_cm":6154,"minecraft:play_time":113100,"minecraft:sneak_time":1503,"minecraft:walk_under_water_one_cm":991,"minecraft:jump":902,"minecraft:walk_on_water_one_cm":6027,"minecraft:total_world_time":113100,"minecraft:fall_one_cm":20338},"minecraft:picked_up":{"minecraft:crafting_table":2,"minecraft:cooked_beef":4,"minecraft:tripwire_hook":1,"minecraft:white_banner":1,"minecraft:dirt":5,"minecraft:blue_bed":10,"minecraft:string":1,"minecraft:moss_carpet":1,"minecraft:cooked_mutton":5,"minecraft:white_carpet":1,"minecraft:red_carpet":1,"minecraft:stone_bricks":1,"minecraft:wheat_seeds":1,"minecraft:spruce_planks":13,"minecraft:stone_pickaxe":1,"minecraft:rabbit":1,"minecraft:light_gray_wool":2,"minecraft:moss_block":1,"minecraft:birch_sapling":1,"minecraft:oak_planks":4,"minecraft:furnace":2,"minecraft:dark_oak_sapling":3,"minecraft:stick":12,"minecraft:raw_iron":2,"minecraft:emerald_block":3,"minecraft:torch":3,"minecraft:spruce_stairs":2,"minecraft:spruce_fence":1,"minecraft:porkchop":4,"minecraft:spruce_sapling":7,"minecraft:spruce_log":14,"minecraft:redstone":1,"minecraft:mossy_cobblestone":12,"minecraft:tnt":2,"minecraft:arrow":2,"minecraft:rotten_flesh":3,"minecraft:bread":1,"minecraft:black_wool":2,"minecraft:dark_oak_wood":15,"minecraft:mutton":33,"minecraft:coal":41,"minecraft:snowball":16,"minecraft:white_wool":8,"minecraft:cobblestone":63}},"DataVersion":3120}