{"stats":{"minecraft:crafted":{"minecraft:crafting_table":1,"minecraft:spruce_planks":56,"minecraft:wooden_pickaxe":1,"minecraft:spruce_door":3,"minecraft:stone_axe":2,"minecraft:stick":8,"minecraft:stone_pickaxe":1,"minecraft:wooden_axe":1,"minecraft:torch":8},"minecraft:broken":{"minecraft:leather_helmet":1,"minecraft:stone_axe":1},"minecraft:killed":{"minecraft:pig":1,"minecraft:spider":1,"minecraft:sheep":13,"minecraft:pillager":3,"minecraft:zombie":2,"minecraft:silverfish":17,"minecraft:drowned":1,"minecraft:cow":2},"minecraft:mined":{"minecraft:spruce_planks":15,"minecraft:mossy_cobblestone":6,"minecraft:dark_oak_leaves":144,"minecraft:dark_oak_fence":3,"minecraft:shulker_box":1,"minecraft:spruce_door":2,"minecraft:sea_lantern":1,"minecraft:torch":2,"minecraft:dark_oak_wood":8,"minecraft:grass_block":3,"minecraft:redstone_wire":1,"minecraft:stone_slab":1,"minecraft:cobblestone":8,"minecraft:spruce_leaves":14,"minecraft:moss_block":1,"minecraft:sandstone":3,"minecraft:wall_torch":3,"minecraft:blue_bed":10,"minecraft:large_fern":1,"minecraft:furnace":1,"minecraft:iron_ore":2,"minecraft:spruce_log":14,"minecraft:birch_leaves":1,"minecraft:moss_carpet":1,"minecraft:tnt":5,"minecraft:white_wall_banner":4,"minecraft:grass":13,"minecraft:coal_ore":15,"minecraft:sand":7,"minecraft:dirt":2,"minecraft:stone":50,"minecraft:netherrack":1,"minecraft:tripwire":1},"minecraft:dropped":{"minecraft:moss_carpet":2,"minecraft:wheat_seeds":1,"anthropology_items__structures:hunters_machete":1,"minecraft:birch_sapling":1,"minecraft:white_carpet":1,"minecraft:cobblestone":4,"minecraft:stick":2,"minecraft:mutton":5,"minecraft:white_banner":1,"minecraft:stone_pickaxe":1,"minecraft:blue_bed":1,"minecraft:redstone":1},"minecraft:used":{"minecraft:moss_block":1,"minecraft:cooked_mutton":5,"minecraft:moss_carpet":1,"minecraft:spruce_door":3,"minecraft:rabbit":1,"minecraft:stone_pickaxe":76,"minecraft:spruce_planks":22,"minecraft:wooden_pickaxe":24,"minecraft:blue_bed":10,"minecraft:rotten_flesh":3,"minecraft:torch":14,"minecraft:mossy_cobblestone":16,"minecraft:mutton":2,"minecraft:dirt":9,"minecraft:spyglass":18,"minecraft:crafting_table":2,"minecraft:shulker_box":1,"minecraft:snowball":16,"minecraft:wooden_axe":41,"minecraft:bread":16,"minecraft:dark_oak_wood":5,"minecraft:leather_helmet":1,"minecraft:spruce_sapling":3,"minecraft:stone_bricks":1,"minecraft:stone_axe":151,"minecraft:cobblestone":5,"minecraft:furnace":2,"minecraft:cooked_beef":4},"minecraft:killed_by":{"minecraft:husk":1,"the_one_who_watches:toww_running":1},"minecraft:custom":{"minecraft:interact_with_furnace":5,"minecraft:mob_kills":42,"minecraft:interact_with_crafting_table":4,"minecraft:open_barrel":6,"minecraft:open_shulker_box":3,"minecraft:interact_with_campfire":4,"minecraft:leave_game":1,"minecraft:time_since_death":7572,"minecraft:sleep_in_bed":16,"minecraft:climb_one_cm":4368,"minecraft:time_since_rest":7645,"minecraft:sprint_one_cm":562870,"minecraft:damage_taken":3000,"minecraft:walk_one_cm":604574,"minecraft:drop":21,"minecraft:damage_dealt":4324,"minecraft:swim_one_cm":62141,"minecraft:talked_to_villager":8,"minecraft:fly_one_cm":219790,"minecraft:player_kills":1,"minecraft:open_chest":16,"minecraft:crouch_one_cm":6905,"minecraft:play_time":161100,"minecraft:deaths":3,"minecraft:sneak_time":1980,"minecraft:walk_under_water_one_cm":11636,"minecraft:jump":1569,"minecraft:walk_on_water_one_cm":29621,"minecraft:total_world_time":161100,"minecraft:fall_one_cm":36414,"minecraft:horse_one_cm":9714},"minecraft:picked_up":{"minecraft:crafting_table":2,"minecraft:cooked_beef":4,"minecraft:tripwire_hook":1,"minecraft:leather":2,"minecraft:polished_granite":1,"minecraft:white_banner":1,"minecraft:dirt":7,"minecraft:blue_bed":12,"minecraft:string":1,"minecraft:moss_carpet":3,"minecraft:cooked_mutton":5,"minecraft:white_carpet":1,"minecraft:red_carpet":1,"minecraft:stone_bricks":1,"minecraft:wheat_seeds":1,"minecraft:spruce_planks":13,"minecraft:beef":1,"minecraft:stone_pickaxe":1,"minecraft:rabbit":1,"minecraft:light_gray_wool":2,"minecraft:sugar_cane":1,"minecraft:moss_block":1,"minecraft:birch_sapling":1,"minecraft:oak_planks":4,"minecraft:furnace":2,"minecraft:dark_oak_sapling":3,"minecraft:stick":15,"minecraft:raw_iron":2,"minecraft:sandstone":4,"minecraft:emerald_block":3,"minecraft:torch":4,"minecraft:spruce_stairs":2,"minecraft:spruce_fence":1,"minecraft:porkchop":4,"minecraft:sand":35,"minecraft:spruce_sapling":8,"minecraft:shulker_box":2,"minecraft:prismarine_crystals":3,"minecraft:spruce_log":14,"minecraft:redstone":1,"minecraft:spruce_door":2,"minecraft:mossy_cobblestone":16,"minecraft:tnt":2,"minecraft:arrow":2,"minecraft:rotten_flesh":4,"minecraft:bread":1,"minecraft:dark_oak_fence":3,"minecraft:black_wool":2,"minecraft:dark_oak_wood":15,"minecraft:mutton":36,"minecraft:coal":41,"minecraft:snowball":16,"minecraft:white_wool":10,"minecraft:cobblestone":88}},"DataVersion":3120}