{"stats":{"minecraft:crafted":{"minecraft:crafting_table":1,"minecraft:spruce_planks":28,"minecraft:wooden_pickaxe":1,"minecraft:stone_axe":1,"minecraft:stick":8,"minecraft:stone_pickaxe":1,"minecraft:wooden_axe":1,"minecraft:torch":8},"minecraft:killed":{"minecraft:pig":1,"minecraft:sheep":11},"minecraft:dropped":{"anthropology_items__structures:hunters_machete":1,"minecraft:white_carpet":1,"minecraft:cobblestone":4,"minecraft:stick":2,"minecraft:mutton":5,"minecraft:stone_pickaxe":1},"minecraft:mined":{"minecraft:spruce_planks":15,"minecraft:mossy_cobblestone":6,"minecraft:torch":2,"minecraft:dark_oak_wood":8,"minecraft:grass_block":3,"minecraft:redstone_wire":1,"minecraft:cobblestone":6,"minecraft:spruce_leaves":14,"minecraft:moss_block":1,"minecraft:wall_torch":2,"minecraft:blue_bed":9,"minecraft:furnace":1,"minecraft:iron_ore":2,"minecraft:spruce_log":14,"minecraft:moss_carpet":1,"minecraft:tnt":5,"minecraft:white_wall_banner":4,"minecraft:grass":11,"minecraft:coal_ore":15,"minecraft:dirt":2,"minecraft:stone":50,"minecraft:tripwire":1},"minecraft:used":{"minecraft:moss_block":1,"minecraft:cooked_mutton":1,"minecraft:rabbit":1,"minecraft:stone_pickaxe":65,"minecraft:spruce_planks":22,"minecraft:wooden_pickaxe":24,"minecraft:blue_bed":8,"minecraft:rotten_flesh":3,"minecraft:torch":12,"minecraft:mossy_cobblestone":2,"minecraft:dirt":9,"minecraft:snowball":16,"minecraft:wooden_axe":37,"minecraft:bread":6,"minecraft:leather_helmet":1,"minecraft:spruce_sapling":3,"minecraft:stone_bricks":1,"minecraft:stone_axe":23,"minecraft:cobblestone":5,"minecraft:furnace":2},"minecraft:picked_up":{"minecraft:cooked_beef":4,"minecraft:tripwire_hook":1,"minecraft:white_banner":1,"minecraft:dirt":5,"minecraft:blue_bed":9,"minecraft:string":1,"minecraft:moss_carpet":1,"minecraft:cooked_mutton":5,"minecraft:white_carpet":1,"minecraft:red_carpet":1,"minecraft:stone_bricks":1,"minecraft:wheat_seeds":1,"minecraft:spruce_planks":13,"minecraft:stone_pickaxe":1,"minecraft:rabbit":1,"minecraft:light_gray_wool":2,"minecraft:moss_block":1,"minecraft:oak_planks":4,"minecraft:furnace":2,"minecraft:stick":5,"minecraft:raw_iron":2,"minecraft:emerald_block":3,"minecraft:torch":3,"minecraft:spruce_stairs":2,"minecraft:spruce_fence":1,"minecraft:porkchop":4,"minecraft:spruce_sapling":7,"minecraft:spruce_log":14,"minecraft:redstone":1,"minecraft:mossy_cobblestone":11,"minecraft:tnt":2,"minecraft:arrow":2,"minecraft:rotten_flesh":3,"minecraft:bread":1,"minecraft:black_wool":2,"minecraft:dark_oak_wood":15,"minecraft:mutton":33,"minecraft:coal":41,"minecraft:snowball":16,"minecraft:white_wool":7,"minecraft:cobblestone":59},"minecraft:custom":{"minecraft:interact_with_furnace":5,"minecraft:mob_kills":14,"minecraft:interact_with_crafting_table":2,"minecraft:open_barrel":6,"minecraft:interact_with_campfire":4,"minecraft:leave_game":1,"minecraft:time_since_death":95100,"minecraft:sleep_in_bed":15,"minecraft:climb_one_cm":2294,"minecraft:time_since_rest":8182,"minecraft:sprint_one_cm":245054,"minecraft:damage_taken":467,"minecraft:walk_one_cm":347655,"minecraft:drop":14,"minecraft:damage_dealt":1211,"minecraft:swim_one_cm":5363,"minecraft:talked_to_villager":8,"minecraft:fly_one_cm":77186,"minecraft:player_kills":1,"minecraft:open_chest":10,"minecraft:crouch_one_cm":2463,"minecraft:play_time":95100,"minecraft:sneak_time":701,"minecraft:walk_under_water_one_cm":280,"minecraft:jump":711,"minecraft:walk_on_water_one_cm":1661,"minecraft:total_world_time":95100,"minecraft:fall_one_cm":14045}},"DataVersion":3120}