{"stats":{"minecraft:crafted":{"minecraft:crafting_table":1,"minecraft:spruce_planks":28,"minecraft:wooden_pickaxe":1,"minecraft:stone_axe":1,"minecraft:stick":8,"minecraft:stone_pickaxe":1,"minecraft:wooden_axe":1,"minecraft:torch":8},"minecraft:killed":{"minecraft:pig":1,"minecraft:sheep":11},"minecraft:dropped":{"anthropology_items__structures:hunters_machete":1,"minecraft:stick":1,"minecraft:mutton":5,"minecraft:stone_pickaxe":1},"minecraft:mined":{"minecraft:spruce_planks":15,"minecraft:mossy_cobblestone":6,"minecraft:torch":2,"minecraft:grass_block":3,"minecraft:redstone_wire":1,"minecraft:spruce_leaves":14,"minecraft:moss_block":1,"minecraft:wall_torch":1,"minecraft:blue_bed":7,"minecraft:furnace":1,"minecraft:iron_ore":2,"minecraft:spruce_log":14,"minecraft:moss_carpet":1,"minecraft:tnt":5,"minecraft:grass":11,"minecraft:coal_ore":15,"minecraft:dirt":2,"minecraft:stone":50,"minecraft:tripwire":1},"minecraft:used":{"minecraft:moss_block":1,"minecraft:cooked_mutton":1,"minecraft:rabbit":1,"minecraft:stone_pickaxe":59,"minecraft:spruce_planks":20,"minecraft:wooden_pickaxe":24,"minecraft:blue_bed":7,"minecraft:rotten_flesh":3,"minecraft:torch":10,"minecraft:dirt":9,"minecraft:snowball":16,"minecraft:wooden_axe":37,"minecraft:bread":6,"minecraft:leather_helmet":1,"minecraft:spruce_sapling":3,"minecraft:stone_axe":15,"minecraft:cobblestone":5},"minecraft:custom":{"minecraft:mob_kills":14,"minecraft:interact_with_crafting_table":2,"minecraft:open_barrel":6,"minecraft:interact_with_campfire":4,"minecraft:leave_game":1,"minecraft:time_since_death":83100,"minecraft:sleep_in_bed":14,"minecraft:climb_one_cm":2294,"minecraft:time_since_rest":201,"minecraft:sprint_one_cm":214171,"minecraft:damage_taken":417,"minecraft:walk_one_cm":296732,"minecraft:drop":8,"minecraft:damage_dealt":1211,"minecraft:swim_one_cm":5363,"minecraft:talked_to_villager":8,"minecraft:fly_one_cm":73266,"minecraft:player_kills":1,"minecraft:open_chest":10,"minecraft:crouch_one_cm":2463,"minecraft:play_time":83100,"minecraft:sneak_time":681,"minecraft:walk_under_water_one_cm":280,"minecraft:jump":662,"minecraft:walk_on_water_one_cm":1661,"minecraft:total_world_time":83100,"minecraft:fall_one_cm":10565},"minecraft:picked_up":{"minecraft:cooked_beef":4,"minecraft:tripwire_hook":1,"minecraft:dirt":5,"minecraft:blue_bed":7,"minecraft:string":1,"minecraft:moss_carpet":1,"minecraft:cooked_mutton":1,"minecraft:stone_bricks":1,"minecraft:wheat_seeds":1,"minecraft:spruce_planks":13,"minecraft:stone_pickaxe":1,"minecraft:rabbit":1,"minecraft:light_gray_wool":2,"minecraft:moss_block":1,"minecraft:furnace":1,"minecraft:stick":4,"minecraft:raw_iron":2,"minecraft:torch":3,"minecraft:spruce_stairs":2,"minecraft:porkchop":4,"minecraft:spruce_sapling":7,"minecraft:spruce_log":14,"minecraft:redstone":1,"minecraft:mossy_cobblestone":11,"minecraft:tnt":2,"minecraft:arrow":2,"minecraft:rotten_flesh":3,"minecraft:bread":1,"minecraft:black_wool":2,"minecraft:mutton":21,"minecraft:coal":15,"minecraft:snowball":16,"minecraft:white_wool":7,"minecraft:cobblestone":52}},"DataVersion":3120}