{"stats":{"minecraft:crafted":{"minecraft:crafting_table":1,"minecraft:spruce_planks":28,"minecraft:stick":8,"minecraft:wooden_pickaxe":1,"minecraft:stone_pickaxe":1,"minecraft:wooden_axe":1,"minecraft:torch":8,"minecraft:stone_axe":1},"minecraft:killed":{"minecraft:sheep":9,"minecraft:pig":1},"minecraft:dropped":{"minecraft:stone_pickaxe":1,"minecraft:stick":1},"minecraft:mined":{"minecraft:furnace":1,"minecraft:mossy_cobblestone":6,"minecraft:iron_ore":2,"minecraft:spruce_log":13,"minecraft:tnt":5,"minecraft:grass":5,"minecraft:grass_block":3,"minecraft:coal_ore":13,"minecraft:redstone_wire":1,"minecraft:dirt":2,"minecraft:moss_block":1,"minecraft:spruce_leaves":8,"minecraft:stone":17,"minecraft:tripwire":1,"minecraft:blue_bed":2},"minecraft:used":{"minecraft:wooden_axe":9,"minecraft:rabbit":1,"minecraft:bread":3,"minecraft:stone_pickaxe":23,"minecraft:leather_helmet":1,"minecraft:spruce_planks":4,"minecraft:wooden_pickaxe":24,"minecraft:blue_bed":2,"minecraft:spruce_sapling":3,"minecraft:rotten_flesh":3,"minecraft:stone_axe":15,"minecraft:dirt":9,"minecraft:cobblestone":5,"minecraft:snowball":16},"minecraft:picked_up":{"minecraft:stick":4,"minecraft:raw_iron":2,"minecraft:tripwire_hook":1,"minecraft:spruce_stairs":2,"minecraft:porkchop":4,"minecraft:string":1,"minecraft:spruce_sapling":7,"minecraft:redstone":1,"minecraft:spruce_log":13,"minecraft:mossy_cobblestone":11,"minecraft:blue_bed":2,"minecraft:dirt":5,"minecraft:tnt":2,"minecraft:arrow":1,"minecraft:rotten_flesh":3,"minecraft:wheat_seeds":1,"minecraft:stone_pickaxe":1,"minecraft:light_gray_wool":1,"minecraft:bread":1,"minecraft:rabbit":1,"minecraft:moss_block":1,"minecraft:black_wool":1,"minecraft:mutton":14,"minecraft:white_wool":7,"minecraft:coal":13,"minecraft:snowball":16,"minecraft:cobblestone":17,"minecraft:furnace":1},"minecraft:custom":{"minecraft:time_since_rest":13374,"minecraft:sprint_one_cm":160746,"minecraft:damage_taken":211,"minecraft:walk_one_cm":192674,"minecraft:mob_kills":11,"minecraft:drop":2,"minecraft:damage_dealt":1014,"minecraft:swim_one_cm":4917,"minecraft:player_kills":1,"minecraft:talked_to_villager":8,"minecraft:interact_with_crafting_table":2,"minecraft:fly_one_cm":57042,"minecraft:open_chest":6,"minecraft:crouch_one_cm":1984,"minecraft:play_time":59100,"minecraft:sneak_time":503,"minecraft:walk_under_water_one_cm":207,"minecraft:jump":385,"minecraft:walk_on_water_one_cm":1485,"minecraft:leave_game":1,"minecraft:time_since_death":59100,"minecraft:sleep_in_bed":7,"minecraft:climb_one_cm":924,"minecraft:total_world_time":59100,"minecraft:fall_one_cm":5337}},"DataVersion":3120}