{"stats":{"minecraft:crafted":{"minecraft:crafting_table":1,"minecraft:spruce_planks":28,"minecraft:wooden_pickaxe":1,"minecraft:stone_axe":1,"minecraft:stick":8,"minecraft:stone_pickaxe":1,"minecraft:wooden_axe":1,"minecraft:torch":8},"minecraft:killed":{"minecraft:pig":1,"minecraft:sheep":9},"minecraft:dropped":{"anthropology_items__structures:hunters_machete":1,"minecraft:stick":1,"minecraft:mutton":5,"minecraft:stone_pickaxe":1},"minecraft:mined":{"minecraft:spruce_planks":15,"minecraft:mossy_cobblestone":6,"minecraft:torch":1,"minecraft:grass_block":3,"minecraft:redstone_wire":1,"minecraft:spruce_leaves":8,"minecraft:moss_block":1,"minecraft:wall_torch":1,"minecraft:blue_bed":7,"minecraft:furnace":1,"minecraft:iron_ore":2,"minecraft:spruce_log":13,"minecraft:moss_carpet":1,"minecraft:tnt":5,"minecraft:grass":5,"minecraft:coal_ore":13,"minecraft:dirt":2,"minecraft:stone":50,"minecraft:tripwire":1},"minecraft:used":{"minecraft:moss_block":1,"minecraft:rabbit":1,"minecraft:stone_pickaxe":56,"minecraft:spruce_planks":18,"minecraft:wooden_pickaxe":24,"minecraft:blue_bed":6,"minecraft:rotten_flesh":3,"minecraft:torch":3,"minecraft:dirt":9,"minecraft:snowball":16,"minecraft:wooden_axe":25,"minecraft:bread":4,"minecraft:leather_helmet":1,"minecraft:spruce_sapling":3,"minecraft:stone_axe":15,"minecraft:cobblestone":5},"minecraft:custom":{"minecraft:mob_kills":11,"minecraft:interact_with_crafting_table":2,"minecraft:interact_with_campfire":4,"minecraft:leave_game":1,"minecraft:time_since_death":71100,"minecraft:sleep_in_bed":13,"minecraft:climb_one_cm":924,"minecraft:time_since_rest":8327,"minecraft:sprint_one_cm":177382,"minecraft:damage_taken":297,"minecraft:walk_one_cm":246233,"minecraft:drop":8,"minecraft:damage_dealt":1031,"minecraft:swim_one_cm":4917,"minecraft:talked_to_villager":8,"minecraft:fly_one_cm":64684,"minecraft:player_kills":1,"minecraft:open_chest":7,"minecraft:crouch_one_cm":2048,"minecraft:play_time":71100,"minecraft:sneak_time":527,"minecraft:walk_under_water_one_cm":207,"minecraft:jump":538,"minecraft:walk_on_water_one_cm":1485,"minecraft:total_world_time":71100,"minecraft:fall_one_cm":6503},"minecraft:picked_up":{"minecraft:cooked_beef":4,"minecraft:tripwire_hook":1,"minecraft:dirt":5,"minecraft:blue_bed":7,"minecraft:string":1,"minecraft:moss_carpet":1,"minecraft:cooked_mutton":1,"minecraft:wheat_seeds":1,"minecraft:spruce_planks":13,"minecraft:stone_pickaxe":1,"minecraft:rabbit":1,"minecraft:light_gray_wool":1,"minecraft:moss_block":1,"minecraft:furnace":1,"minecraft:stick":4,"minecraft:raw_iron":2,"minecraft:torch":2,"minecraft:spruce_stairs":2,"minecraft:porkchop":4,"minecraft:spruce_sapling":7,"minecraft:spruce_log":13,"minecraft:redstone":1,"minecraft:mossy_cobblestone":11,"minecraft:tnt":2,"minecraft:arrow":1,"minecraft:rotten_flesh":3,"minecraft:bread":1,"minecraft:black_wool":1,"minecraft:mutton":19,"minecraft:coal":13,"minecraft:snowball":16,"minecraft:white_wool":7,"minecraft:cobblestone":52}},"DataVersion":3120}