{"stats":{"minecraft:crafted":{"minecraft:stone_pickaxe":1,"minecraft:crafting_table":1,"minecraft:spruce_planks":56,"minecraft:wooden_pickaxe":1,"minecraft:spruce_door":3,"minecraft:stone_axe":2,"minecraft:stick":12,"minecraft:wooden_axe":1,"minecraft:stone_sword":1,"minecraft:torch":8},"minecraft:broken":{"minecraft:leather_helmet":1,"minecraft:stone_axe":1},"minecraft:killed":{"minecraft:spider":1,"minecraft:silverfish":19,"minecraft:drowned":1,"minecraft:pig":1,"minecraft:sheep":13,"minecraft:pillager":3,"minecraft:zombie":2,"minecraft:cow":2},"minecraft:dropped":{"minecraft:wheat_seeds":1,"anthropology_items__structures:hunters_machete":1,"minecraft:cobblestone":4,"minecraft:prismarine_crystals":3,"minecraft:chest_minecart":1,"minecraft:stick":11,"minecraft:dark_oak_fence":3,"minecraft:mutton":5,"minecraft:white_banner":1,"minecraft:tripwire_hook":1,"minecraft:blue_bed":1,"minecraft:redstone":1,"minecraft:moss_carpet":2,"minecraft:sugar_cane":1,"minecraft:birch_sapling":1,"minecraft:white_carpet":1,"minecraft:spruce_fence":1,"minecraft:stone_pickaxe":1},"minecraft:mined":{"minecraft:spruce_planks":15,"minecraft:mossy_cobblestone":6,"minecraft:dark_oak_leaves":144,"minecraft:sea_lantern":1,"minecraft:shulker_box":1,"minecraft:dark_oak_fence":3,"minecraft:grass_block":3,"minecraft:redstone_wire":1,"minecraft:spruce_leaves":14,"minecraft:moss_block":1,"minecraft:sandstone":6,"minecraft:large_fern":1,"minecraft:furnace":1,"minecraft:iron_ore":2,"minecraft:andesite":1,"minecraft:moss_carpet":1,"minecraft:stone":50,"minecraft:tripwire":1,"minecraft:spruce_door":2,"minecraft:torch":3,"minecraft:dark_oak_wood":8,"minecraft:stone_slab":1,"minecraft:cobblestone":9,"minecraft:blue_bed":10,"minecraft:wall_torch":4,"minecraft:spruce_log":14,"minecraft:birch_leaves":1,"minecraft:tnt":5,"minecraft:white_wall_banner":4,"minecraft:grass":18,"minecraft:coal_ore":18,"minecraft:sand":7,"minecraft:dirt":2,"minecraft:cobweb":1,"minecraft:netherrack":1},"minecraft:used":{"minecraft:moss_block":1,"minecraft:moss_carpet":1,"minecraft:stone_sword":3,"minecraft:spruce_planks":22,"minecraft:rotten_flesh":3,"minecraft:torch":30,"minecraft:dirt":9,"minecraft:spyglass":24,"minecraft:mutton":2,"minecraft:shulker_box":1,"minecraft:snowball":16,"minecraft:wooden_axe":41,"minecraft:dark_oak_wood":5,"minecraft:stone_bricks":1,"minecraft:furnace":2,"minecraft:cooked_beef":4,"minecraft:cooked_mutton":5,"minecraft:spruce_door":3,"minecraft:rabbit":1,"minecraft:stone_pickaxe":84,"minecraft:wooden_pickaxe":24,"minecraft:blue_bed":10,"minecraft:mossy_cobblestone":16,"minecraft:crafting_table":3,"minecraft:bread":19,"minecraft:leather_helmet":1,"minecraft:spruce_sapling":3,"minecraft:stone_axe":157,"minecraft:cobblestone":7},"minecraft:killed_by":{"minecraft:husk":1,"minecraft:player":1,"the_one_who_watches:toww_running":1},"minecraft:custom":{"minecraft:mob_kills":44,"minecraft:interact_with_crafting_table":5,"minecraft:open_barrel":6,"minecraft:open_shulker_box":3,"minecraft:interact_with_campfire":4,"minecraft:leave_game":2,"minecraft:time_since_death":1494,"minecraft:climb_one_cm":4384,"minecraft:sprint_one_cm":641652,"minecraft:walk_one_cm":664274,"minecraft:drop":28,"minecraft:talked_to_villager":8,"minecraft:play_time":182570,"minecraft:deaths":4,"minecraft:sneak_time":2548,"minecraft:walk_under_water_one_cm":11636,"minecraft:jump":1658,"minecraft:walk_on_water_one_cm":29621,"minecraft:total_world_time":182570,"minecraft:interact_with_furnace":5,"minecraft:sleep_in_bed":16,"minecraft:time_since_rest":1532,"minecraft:damage_taken":3290,"minecraft:damage_dealt":4484,"minecraft:player_kills":1,"minecraft:swim_one_cm":62141,"minecraft:fly_one_cm":260008,"minecraft:open_chest":17,"minecraft:crouch_one_cm":7022,"minecraft:fall_one_cm":38839,"minecraft:horse_one_cm":9714},"minecraft:picked_up":{"minecraft:crafting_table":2,"minecraft:chest_minecart":2,"minecraft:enchanted_book":1,"minecraft:string":1,"minecraft:moss_carpet":3,"minecraft:white_carpet":1,"minecraft:spruce_planks":13,"minecraft:beef":1,"minecraft:iron_pickaxe":1,"minecraft:light_gray_wool":2,"minecraft:sugar_cane":1,"minecraft:birch_sapling":1,"minecraft:furnace":2,"minecraft:dark_oak_sapling":3,"minecraft:stick":15,"minecraft:raw_iron":2,"minecraft:sandstone":5,"minecraft:torch":16,"minecraft:spruce_stairs":2,"minecraft:spruce_fence":1,"minecraft:porkchop":4,"minecraft:redstone":1,"minecraft:prismarine_crystals":3,"minecraft:tnt":2,"minecraft:arrow":21,"minecraft:rotten_flesh":27,"minecraft:mutton":36,"minecraft:white_wool":10,"minecraft:snowball":16,"minecraft:cobblestone":89,"minecraft:cooked_beef":4,"minecraft:tripwire_hook":1,"minecraft:leather":2,"minecraft:blue_bed":12,"minecraft:dirt":7,"minecraft:white_banner":1,"minecraft:polished_granite":1,"minecraft:cooked_mutton":5,"minecraft:red_carpet":1,"minecraft:stone_bricks":1,"minecraft:wheat_seeds":1,"minecraft:stone_pickaxe":1,"minecraft:rabbit":1,"minecraft:moss_block":1,"minecraft:oak_planks":4,"minecraft:emerald_block":3,"minecraft:sand":63,"minecraft:spruce_sapling":8,"minecraft:spruce_log":14,"minecraft:spruce_door":2,"minecraft:shulker_box":2,"minecraft:mossy_cobblestone":16,"minecraft:bread":1,"minecraft:black_wool":2,"minecraft:dark_oak_wood":15,"minecraft:dark_oak_fence":3,"minecraft:coal":46}},"DataVersion":3120}