{"stats":{"minecraft:crafted":{"minecraft:crafting_table":1,"minecraft:spruce_planks":28,"minecraft:stick":8,"minecraft:wooden_pickaxe":1,"minecraft:stone_pickaxe":1,"minecraft:wooden_axe":1,"minecraft:stone_axe":1},"minecraft:dropped":{"minecraft:stick":1},"minecraft:mined":{"minecraft:spruce_log":13,"minecraft:grass":3,"minecraft:grass_block":2,"minecraft:coal_ore":13,"minecraft:spruce_leaves":8,"minecraft:stone":11,"minecraft:blue_bed":1},"minecraft:used":{"minecraft:wooden_axe":9,"minecraft:rabbit":1,"minecraft:wooden_pickaxe":24,"minecraft:blue_bed":1,"minecraft:spruce_sapling":3,"minecraft:rotten_flesh":3,"minecraft:stone_axe":1,"minecraft:dirt":9,"minecraft:snowball":16},"minecraft:picked_up":{"minecraft:stick":4,"minecraft:spruce_sapling":7,"minecraft:spruce_log":13,"minecraft:blue_bed":1,"minecraft:dirt":2,"minecraft:rotten_flesh":3,"minecraft:wheat_seeds":1,"minecraft:rabbit":1,"minecraft:coal":13,"minecraft:snowball":16,"minecraft:cobblestone":11},"minecraft:custom":{"minecraft:time_since_rest":1374,"minecraft:sprint_one_cm":114341,"minecraft:damage_taken":115,"minecraft:walk_one_cm":131681,"minecraft:mob_kills":1,"minecraft:drop":1,"minecraft:damage_dealt":151,"minecraft:talked_to_villager":8,"minecraft:interact_with_crafting_table":2,"minecraft:fly_one_cm":38499,"minecraft:open_chest":1,"minecraft:crouch_one_cm":365,"minecraft:play_time":47100,"minecraft:sneak_time":43,"minecraft:jump":246,"minecraft:leave_game":1,"minecraft:time_since_death":47100,"minecraft:sleep_in_bed":7,"minecraft:climb_one_cm":924,"minecraft:total_world_time":47100,"minecraft:fall_one_cm":3472}},"DataVersion":3120}