{"stats":{"minecraft:crafted":{"minecraft:crafting_table":1,"minecraft:spruce_planks":56,"minecraft:wooden_pickaxe":1,"minecraft:spruce_door":3,"minecraft:stone_axe":1,"minecraft:stick":8,"minecraft:stone_pickaxe":1,"minecraft:wooden_axe":1,"minecraft:torch":8},"minecraft:broken":{"minecraft:stone_axe":1},"minecraft:killed":{"minecraft:pig":1,"minecraft:sheep":13,"minecraft:drowned":1,"minecraft:cow":2},"minecraft:mined":{"minecraft:spruce_planks":15,"minecraft:mossy_cobblestone":6,"minecraft:dark_oak_leaves":144,"minecraft:shulker_box":1,"minecraft:spruce_door":2,"minecraft:sea_lantern":1,"minecraft:torch":2,"minecraft:dark_oak_wood":8,"minecraft:grass_block":3,"minecraft:redstone_wire":1,"minecraft:cobblestone":8,"minecraft:spruce_leaves":14,"minecraft:moss_block":1,"minecraft:wall_torch":2,"minecraft:blue_bed":10,"minecraft:large_fern":1,"minecraft:furnace":1,"minecraft:iron_ore":2,"minecraft:spruce_log":14,"minecraft:birch_leaves":1,"minecraft:moss_carpet":1,"minecraft:tnt":5,"minecraft:white_wall_banner":4,"minecraft:grass":11,"minecraft:coal_ore":15,"minecraft:dirt":2,"minecraft:stone":50,"minecraft:netherrack":1,"minecraft:tripwire":1},"minecraft:dropped":{"minecraft:moss_carpet":2,"minecraft:wheat_seeds":1,"anthropology_items__structures:hunters_machete":1,"minecraft:birch_sapling":1,"minecraft:white_carpet":1,"minecraft:cobblestone":4,"minecraft:stick":2,"minecraft:mutton":5,"minecraft:white_banner":1,"minecraft:stone_pickaxe":1,"minecraft:redstone":1},"minecraft:used":{"minecraft:moss_block":1,"minecraft:cooked_mutton":5,"minecraft:spruce_door":2,"minecraft:rabbit":1,"minecraft:stone_pickaxe":69,"minecraft:spruce_planks":22,"minecraft:wooden_pickaxe":24,"minecraft:blue_bed":9,"minecraft:rotten_flesh":3,"minecraft:torch":13,"minecraft:mossy_cobblestone":5,"minecraft:dirt":9,"minecraft:crafting_table":1,"minecraft:shulker_box":1,"minecraft:snowball":16,"minecraft:wooden_axe":37,"minecraft:bread":7,"minecraft:leather_helmet":1,"minecraft:spruce_sapling":3,"minecraft:stone_bricks":1,"minecraft:stone_axe":108,"minecraft:cobblestone":5,"minecraft:furnace":2,"minecraft:cooked_beef":2},"minecraft:custom":{"minecraft:interact_with_furnace":5,"minecraft:mob_kills":19,"minecraft:interact_with_crafting_table":3,"minecraft:open_barrel":6,"minecraft:open_shulker_box":2,"minecraft:interact_with_campfire":4,"minecraft:leave_game":1,"minecraft:time_since_death":125100,"minecraft:sleep_in_bed":16,"minecraft:climb_one_cm":3943,"minecraft:time_since_rest":22748,"minecraft:sprint_one_cm":362171,"minecraft:damage_taken":1225,"minecraft:walk_one_cm":473859,"minecraft:drop":20,"minecraft:damage_dealt":2000,"minecraft:swim_one_cm":47238,"minecraft:talked_to_villager":8,"minecraft:fly_one_cm":121654,"minecraft:player_kills":1,"minecraft:open_chest":14,"minecraft:crouch_one_cm":6154,"minecraft:play_time":125100,"minecraft:sneak_time":1516,"minecraft:walk_under_water_one_cm":7905,"minecraft:jump":1030,"minecraft:walk_on_water_one_cm":12902,"minecraft:total_world_time":125100,"minecraft:fall_one_cm":22219,"minecraft:horse_one_cm":9714},"minecraft:picked_up":{"minecraft:crafting_table":2,"minecraft:cooked_beef":4,"minecraft:tripwire_hook":1,"minecraft:leather":2,"minecraft:polished_granite":1,"minecraft:white_banner":1,"minecraft:dirt":6,"minecraft:blue_bed":10,"minecraft:string":1,"minecraft:moss_carpet":3,"minecraft:cooked_mutton":5,"minecraft:white_carpet":1,"minecraft:red_carpet":1,"minecraft:stone_bricks":1,"minecraft:wheat_seeds":1,"minecraft:spruce_planks":13,"minecraft:beef":1,"minecraft:stone_pickaxe":1,"minecraft:rabbit":1,"minecraft:light_gray_wool":2,"minecraft:moss_block":1,"minecraft:birch_sapling":1,"minecraft:oak_planks":4,"minecraft:furnace":2,"minecraft:dark_oak_sapling":3,"minecraft:stick":12,"minecraft:raw_iron":2,"minecraft:emerald_block":3,"minecraft:torch":3,"minecraft:spruce_stairs":2,"minecraft:spruce_fence":1,"minecraft:porkchop":4,"minecraft:spruce_sapling":7,"minecraft:shulker_box":2,"minecraft:prismarine_crystals":3,"minecraft:spruce_log":14,"minecraft:redstone":1,"minecraft:spruce_door":2,"minecraft:mossy_cobblestone":12,"minecraft:tnt":2,"minecraft:arrow":2,"minecraft:rotten_flesh":3,"minecraft:bread":1,"minecraft:black_wool":2,"minecraft:dark_oak_wood":15,"minecraft:mutton":36,"minecraft:coal":41,"minecraft:snowball":16,"minecraft:white_wool":10,"minecraft:cobblestone":63}},"DataVersion":3120}